,Model Year,Make,Model,Sold Price,Mileage
0,2008,toyota,cruiser,6300,274117
1,2011,ford,se,2899,190552
2,2018,dodge,mpv,5350,39590
3,2014,ford,door,25000,64146
4,2018,chevrolet,1500,27700,6654
5,2018,dodge,mpv,5700,45561
6,2010,chevrolet,pk,7300,149050
7,2017,gmc,door,13350,23525
8,2018,chevrolet,malibu,14600,9371
9,2017,ford,mpv,5250,63418
10,2009,dodge,coupe,10400,107856
11,2017,gmc,mpv,12920,39650
12,2018,chevrolet,1500,31900,22909
13,2017,chrysler,wagon,5430,138650
14,2013,ford,door,20700,100757
15,2017,gmc,door,12710,25747
16,2018,kia,forte,5200,46194
17,2018,buick,encore,16500,20002
18,2017,ford,mpv,5210,35714
19,2013,ford,door,38100,54380
20,2017,gmc,door,12520,30114
21,2018,kia,forte,7300,38823
22,2015,chevrolet,door,15000,61578
23,2017,ford,mpv,6180,46010
24,2013,ford,door,20800,105510
25,2017,gmc,door,11900,28040
26,2020,kia,sorento,21500,11451
27,2014,buick,door,12000,31039
28,2017,ford,doors,4190,44174
29,2008,ford,chassis,13000,93698
30,2017,gmc,door,12710,26364
31,2016,infiniti,q70,18500,71967
32,1973,chevrolet,camaro,29800,46226
33,2017,ford,mpv,5330,37792
34,2003,ford,convertible,13000,58817
35,2017,gmc,door,11900,27965
36,2016,mercedes-benz,vans,16600,110907
37,2018,chevrolet,1500,19200,2430
38,2017,ford,mpv,7320,32366
39,2003,ford,pk,7000,176567
40,2017,gmc,door,12710,30049
41,2016,mercedes-benz,vans,16600,97983
42,2018,chevrolet,1500,30500,30442
43,2017,ford,mpv,6330,38123
44,2017,ford,srw,55000,15273
45,2017,gmc,door,12520,28972
46,2019,jeep,compass,16200,30061
47,2017,chevrolet,malibu,19000,18414
48,2017,dodge,mpv,5580,46829
49,2017,ford,srw,54000,26241
50,2017,gmc,mpv,12710,39886
51,2019,jeep,compass,16000,31594
52,2017,buick,enclave,27000,32107
53,2017,ford,mpv,7760,44794
54,2019,chrysler,300,19600,42648
55,2017,gmc,mpv,12920,39165
56,2019,jeep,cherokee,20000,38355
57,2017,buick,door,18100,46766
58,2020,chrysler,pacifica,23000,2473
59,2019,chrysler,300,18500,38586
60,2017,gmc,door,13490,27842
61,2019,jeep,cherokee,20700,31156
62,2017,chevrolet,door,17800,52435
63,2017,ford,door,6650,29942
64,2019,chrysler,pacifica,29100,25281
65,2017,gmc,door,12710,32504
66,2019,jeep,cherokee,21100,28649
67,2017,chevrolet,door,18600,35200
68,2017,ford,door,4340,25602
69,2019,chrysler,300,19300,34801
70,2017,gmc,door,12780,31009
71,2019,jeep,compass,15800,35595
72,2017,bmw,x3,29400,23765
73,2017,ford,door,4430,31792
74,2019,chrysler,300,19400,33135
75,2017,gmc,door,12520,30636
76,2019,jeep,compass,15900,34502
77,2017,buick,door,26400,25434
78,2017,ford,door,4140,36732
79,2019,chrysler,300,18300,41792
80,2017,gmc,door,12520,31992
81,2019,jeep,compass,17900,32501
82,2017,chevrolet,camaro,18300,28395
83,2017,ford,door,4640,36139
84,2016,ford,door,24000,84413
85,2017,gmc,door,13200,33457
86,2019,jeep,compass,18000,29245
87,2017,chevrolet,equinox,14900,12783
88,2017,ford,door,4140,17617
89,2016,ford,door,11500,36855
90,2017,ford,door,9110,110316
91,2015,chrysler,door,7350,88227
92,2017,bmw,door,24500,17626
93,2017,ford,door,9300,120353
94,2015,dodge,challenger,39800,3641
95,2017,bmw,m,53500,29355
96,2017,ford,door,15110,39333
97,2015,ford,door,34000,42930
98,2017,chevrolet,colorado,26502,24993
99,2017,ford,mpv,5990,44929
100,2018,ford,focus,13600,16971
101,2017,cadillac,door,23605,35598
102,2017,ford,mpv,10780,40455
103,2018,ford,focus,13800,23164
104,2017,cadillac,door,25201,19011
105,2017,ford,mpv,7070,45191
106,2018,ford,focus,8700,21405
107,2017,chevrolet,malibu,18003,19117
108,2017,ford,door,8530,42104
109,2018,dodge,durango,23100,49496
110,2017,cadillac,door,24500,32418
111,2017,ford,mpv,7000,29882
112,2018,ford,escape,17000,34819
113,2017,chevrolet,1500,34002,31923
114,2017,ford,mpv,6980,29168
115,2018,dodge,charger,25000,28307
116,2017,chevrolet,colorado,20802,33791
117,2017,ford,door,9200,21770
118,2017,chrysler,pacifica,26500,18375
119,2017,chevrolet,colorado,24802,14158
120,2017,ford,mpv,7070,30318
121,2017,ford,door,28500,48086
122,2017,cadillac,door,47500,26562
123,2017,ford,explorer,23500,57611
124,2017,chevrolet,colorado,23505,47357
125,2017,ford,door,10940,84916
126,2017,ford,f-150,32100,24521
127,2018,chevrolet,3500,53000,16105
128,2017,ford,mpv,6830,35888
129,2017,dodge,caravan,11900,59537
130,2017,chevrolet,1500,26414,55222
131,2018,dodge,mpv,4160,32870
132,2017,chevrolet,door,19405,39687
133,2018,dodge,mpv,5690,47085
134,2017,chrysler,van,25900,32224
135,2017,chevrolet,1500,24005,51293
136,2018,dodge,mpv,5090,42989
137,2017,chrysler,300,19500,31311
138,2017,chevrolet,1500,32012,46091
139,2016,dodge,dart,6800,49033
140,2018,dodge,mpv,4260,33957
141,2008,dodge,van,0,177948
142,2017,chevrolet,2500,31802,19845
143,2018,dodge,doors,7210,38910
144,2014,dodge,door,0,123660
145,2017,chevrolet,1500,28402,31234
146,2018,dodge,doors,6800,36767
147,2015,cadillac,esv,33300,57932
148,2018,dodge,mpv,10780,19420
149,2014,ford,cutaway,6700,204155
150,2016,chevrolet,1500,20000,93493
151,2018,chrysler,doors,6440,20942
152,2016,ford,door,19900,86826
153,2015,chevrolet,door,37000,45787
154,2018,dodge,mpv,4040,50765
155,2016,ford,explorer,22300,62774
156,2011,chevrolet,door,31200,76326
157,2018,dodge,mpv,4290,39029
158,2016,ford,el,22800,72885
159,2016,cadillac,door,19002,46467
160,2018,dodge,mpv,4160,6743
161,2016,ford,edge,18500,33514
162,2016,bmw,series,39000,39917
163,2018,dodge,doors,6060,32504
164,2016,ford,door,28800,77638
165,2016,bmw,series,40000,31727
166,2018,dodge,doors,6140,52966
167,2016,ford,flex,21000,24157
168,2016,buick,door,20105,51393
169,2018,dodge,doors,6760,35461
170,2014,ford,door,25800,47055
171,2016,bmw,series,39000,33110
172,2018,dodge,mpv,5470,39721
173,2014,ford,door,14600,75785
174,2016,chevrolet,1500,24502,33624
175,2017,ford,door,15110,42289
176,2014,ford,door,7900,79422
177,2016,chevrolet,door,27305,28844
178,2017,ford,door,15290,66582
179,2015,ford,door,26500,61436
180,2016,chevrolet,door,25502,58303
181,2017,ford,mpv,7320,55618
182,2009,chevrolet,van,3800,261648
183,2016,chevrolet,door,24502,33045
184,2017,ford,door,4140,40747
185,2002,dodge,pk,1400,185460
186,2016,cadillac,srx,18402,26667
187,2017,ford,door,4160,37176
188,2000,chrysler,door,175,231240
189,2016,chevrolet,colorado,24503,18006
190,2017,ford,door,15840,72445
191,2014,ford,door,20500,123355
192,2016,chevrolet,1500,21003,44116
193,2017,ford,door,4200,60219
194,2011,ford,door,17400,135077
195,2016,chevrolet,door,32001,32058
196,2017,ford,mpv,0,76858
197,2011,ford,cab,15700,309564
198,2016,chevrolet,door,31009,33928
199,2017,ford,wagon,3740,90618
200,2001,dodge,pickup,5000,109360
201,2016,chevrolet,door,31002,71809
202,2017,ford,doors,3160,31563
203,2005,dodge,pickup,8600,219823
204,2018,chevrolet,malibu,6000,42090
205,2017,ford,door,12990,126523
206,2020,chevrolet,vehicl,25,7232
207,2017,buick,encore,13200,60171
208,2017,ford,wagon,4410,209915
209,2005,chrysler,door,25,151815
210,2020,chevrolet,camaro,22500,13826
211,2017,ford,mpv,7420,55854
212,2016,ford,door,13500,45757
213,2020,chevrolet,trax,15500,16545
214,2017,ford,door,3540,112893
215,2016,ford,door,17000,126802
216,2020,chevrolet,tahoe,45500,13303
217,2017,ford,door,4130,34061
218,2015,ford,door,15700,70251
219,2020,chevrolet,tahoe,45500,13679
220,2017,ford,doors,4130,42426
221,2012,dodge,door,15500,66452
222,2020,chevrolet,trax,16300,18221
223,2017,ford,mpv,4530,41455
224,2011,dodge,door,15600,35275
225,2020,chevrolet,tahoe,45500,13885
226,2017,ford,door,4100,38815
227,2011,dodge,door,18200,162281
228,2013,chevrolet,door,10200,56479
229,2017,ford,doors,4080,61027
230,2014,ford,van,5700,178703
231,2014,chevrolet,3500,10200,173469
232,2017,ford,door,5000,37321
233,2014,ford,door,1700,112789
234,2011,bmw,door,6200,80394
235,2016,ford,door,3650,68142
236,2014,dodge,door,10500,74203
237,2018,chevrolet,2500,43500,57604
238,2016,dodge,van,4610,87229
239,2012,ford,door,3450,90711
240,2018,chevrolet,suburban,38500,11135
241,2016,ford,mpv,6810,66781
242,2011,ford,cargo,2900,190994
243,2018,chevrolet,2500,43500,56007
244,2016,ford,mpv,4450,32486
245,2011,ford,door,5800,195908
246,2018,chevrolet,equinox,16500,18020
247,2016,dodge,mpv,4240,83262
248,2008,ford,pickup,26500,62015
249,2017,chevrolet,equinox,13700,36421
250,2016,ford,door,8600,73321
251,2008,ford,chassis,8000,132379
252,2017,chevrolet,equinox,14200,28013
253,2016,ford,mpv,7040,33291
254,2005,ford,chassis,4700,225236
255,2016,chevrolet,door,30851,43176
256,2016,ford,mpv,4880,36876
257,2006,dodge,pickup,14500,111782
258,2017,chevrolet,door,7600,110489
259,2016,ford,door,13270,84035
260,2012,ford,door,12800,131101
261,2016,ford,door,9280,101380
262,2003,ford,van,900,142027
263,2016,ford,door,7560,111476
264,2011,ford,drw,19500,76897
265,2019,chevrolet,malibu,17100,15780
266,2016,ford,door,8020,31944
267,2019,ford,fiesta,10300,18937
268,2019,chevrolet,van,22600,9706
269,2016,ford,doors,10480,57289
270,2019,ford,fiesta,10300,19956
271,2019,chevrolet,van,22700,6075
272,2016,ford,door,7410,21034
273,2019,ford,fiesta,10300,22881
274,2013,chevrolet,door,10300,167600
275,2016,ford,door,7570,37252
276,2019,dodge,challenger,67000,10944
277,2019,chevrolet,impala,18900,27601
278,2019,ford,doors,12560,15958
279,2019,dodge,durango,33000,32251
280,2019,chevrolet,impala,18300,25809
281,2017,ford,cab,11760,30553
282,2019,dodge,durango,31700,26549
283,2007,dodge,door,25,160528
284,2000,ford,door,0,124969
285,2019,ford,doors,7340,15854
286,2017,hyundai,door,8200,56690
287,2013,kia,door,3000,97142
288,2019,jeep,mpv,6530,10185
289,2009,mazda,door,0,117541
290,2019,kia,soul,12700,23514
291,2017,kia,sorento,13800,86959
292,1998,chevrolet,pickup,0,258631
293,2017,ford,door,725,67279
294,2019,ford,doors,7400,16482
295,2017,hyundai,elantra,9800,35687
296,2003,honda,door,0,152608
297,2019,jeep,mpv,4400,17911
298,2019,infiniti,mpv,10330,21278
299,2011,chevrolet,door,1800,47269
300,2008,chevrolet,door,50,172102
301,2006,ford,wagon,720,26914
302,2017,ford,door,22800,67217
303,2017,ford,door,2500,78698
304,2003,ford,door,0,246065
305,2017,gmc,mpv,9190,41961
306,2019,jeep,mpv,10900,13273
307,2019,infiniti,mpv,10400,31713
308,2004,chevrolet,door,0,0
309,2003,chevrolet,door,0,194673
310,2008,chevrolet,pickup,7320,325611
311,2017,ford,f-150,22809,50732
312,1998,ford,van,0,186855
313,2013,ford,door,0,94004
314,2017,gmc,mpv,5520,52904
315,2019,jeep,mpv,10900,14195
316,2019,jeep,mpv,6330,43965
317,2009,chevrolet,door,0,117059
318,2010,chevrolet,pickup,25,149189
319,2007,dodge,door,2320,112182
320,2017,ford,door,23702,49024
321,1994,ford,chassis,0,0
322,1997,ford,door,0,203297
323,2017,gmc,mpv,5520,35821
324,2018,heartland,pioneer,4050,1
325,2019,infiniti,mpv,14810,32611
326,2011,chevrolet,door,25,105244
327,2008,chrysler,van,2960,164048
328,2017,ford,door,24800,46955
329,1996,ford,door,0,296860
330,2006,ford,door,0,203158
331,2017,gmc,mpv,6270,70443
332,2012,heartland,trail,1880,1
333,2019,infiniti,mpv,10050,18229
334,2014,chevrolet,door,225,87673
335,2018,chevrolet,traverse,26900,42941
336,2007,chrysler,door,1420,104405
337,2017,ford,door,27003,57186
338,2002,ford,door,0,214800
339,2004,ford,door,350,236980
340,2017,gmc,mpv,5600,59808
341,2011,heartland,country,6680,1
342,2019,infiniti,mpv,10120,20681
343,2010,chevrolet,door,0,137422
344,2015,ford,door,3920,102700
345,2017,ford,door,23100,53270
346,2004,gmc,door,0,235348
347,2017,gmc,mpv,5630,27195
348,2009,heartland,sundance,0,1
349,2019,jaguar,doors,2800,20849
350,2008,chevrolet,door,0,159266
351,2015,ford,door,8850,143818
352,2017,ford,f-150,18712,67347
353,2009,ford,pickup,0,180364
354,2009,ford,door,0,184889
355,2017,gmc,mpv,6300,117400
356,2010,heartland,country,2220,1
357,2019,jeep,mpv,6930,47798
358,2008,chevrolet,door,25,130623
359,2015,ford,door,3440,124542
360,2017,ford,door,50412,47129
361,1994,ford,pickup,25,206162
362,2001,ford,pk,950,229886
363,2017,gmc,mpv,9270,19490
364,2019,jeep,mpv,11380,12038
365,2019,hyundai,mpv,5350,43536
366,2004,chevrolet,door,2725,308451
367,2015,ford,door,3790,100893
368,2017,ford,door,40514,90304
369,1997,ford,door,0,146912
370,1998,ford,door,0,131367
371,2017,gmc,mpv,9190,31394
372,2019,infiniti,mpv,10330,25933
373,2008,acura,door,1000,118250
374,2013,bmw,door,2925,46060
375,2015,ford,door,3830,50593
376,2017,ford,door,43402,62387
377,2009,gmc,door,1025,169634
378,2016,honda,van,17200,72527
379,2016,harley-davidson,road/street,54680,9502
380,2010,honda,door,6940,217290
381,2019,infiniti,mpv,13080,17243
382,2007,chevrolet,door,25,194903
383,2015,ford,door,10630,82899
384,2017,ford,door,43009,76418
385,2003,gmc,door,25,138441
386,2006,ford,pickup,4600,240740
387,2016,honda,mpv,4950,71404
388,2019,hyundai,doors,3760,30382
389,2009,acura,door,3900,179389
390,2000,cadillac,coupe,0,105169
391,2015,ford,door,3830,82534
392,2017,ford,door,53500,55732
393,2010,ford,door,25,198596
394,1998,ford,door,25,300021
395,2015,honda,door,6240,83623
396,2014,jeep,door,4150,108895
397,1999,jeep,door,25,226972
398,2020,bmw,series,61200,7509
399,2006,buick,door,0,137464
400,2014,bmw,series,13500,33542
401,2015,ford,door,6490,74754
402,2017,ford,door,51502,27661
403,2010,ford,door,250,115241
404,1984,ford,door,25,41577
405,2015,honda,van,8160,109027
406,2014,jeep,door,7770,72732
407,2001,jeep,door,200,126400
408,2008,audi,door,25,177422
409,1995,chevrolet,door,0,274706
410,2008,bmw,coupe,1825,77984
411,2017,bmw,series,39800,23177
412,2015,ford,door,9210,26911
413,2019,ford,srw,58500,21527
414,2014,ford,door,125,56461
415,2015,honda,door,3960,95128
416,2014,hyundai,doors,5998,122975
417,2014,honda,doors,3700,162824
418,2008,kia,wagon,0,148463
419,2005,audi,door,0,181896
420,2000,bmw,door,0,216657
421,2012,gmc,door,5000,140339
422,2019,infiniti,mpv,15050,26786
423,2019,hyundai,doors,3960,35623
424,2019,lincoln,nautilus,36300,14541
425,2020,lexus,gx,55600,8186
426,2018,nissan,doors,2630,36739
427,2017,nissan,mpv,5690,42616
428,2017,audi,q5,19500,65833
429,2008,chevrolet,coupe,450,123515
430,2015,cadillac,door,20400,36122
431,2011,chevrolet,door,4320,88359
432,2017,ford,f-150,33001,35905
433,2017,ford,door,10000,35747
434,2004,ford,door,0,167011
435,2012,gmc,door,5790,105020
436,2019,infiniti,mpv,14750,11047
437,2019,hyundai,doors,4010,31233
438,2019,mercedes-benz,gle,40000,19427
439,2017,kia,sportage,13000,71991
440,2018,nissan,doors,3550,29043
441,2017,nissan,doors,3040,36064
442,2008,chevrolet,coupe,0,270080
443,2015,audi,5,36400,47213
444,2011,ford,door,4480,116480
445,2017,ford,door,31003,72084
446,2001,ford,pickup,75,295780
447,2011,gmc,door,8850,148035
448,2019,infiniti,mpv,14750,11396
449,2019,hyundai,mpv,4690,33785
450,2018,land,sport,23000,20103
451,2018,land,discovery,46900,32387
452,2018,mercedes-benz,doors,10740,48140
453,2017,nissan,doors,3160,34861
454,2006,chevrolet,door,0,268040
455,2011,chrysler,door,3450,114119
456,2017,ford,f-150,27102,34165
457,2018,gmc,door,500,27442
458,2011,gmc,door,5100,144792
459,2019,infiniti,mpv,15010,11394
460,2019,jeep,mpv,5800,30546
461,2018,land,sport,23200,23745
462,2015,hyundai,door,8000,88274
463,2018,nissan,doors,3390,38349
464,2017,nissan,doors,3140,30142
465,2007,chevrolet,door,25,267834
466,2014,bmw,door,15000,44730
467,2011,chevrolet,cab,10440,92476
468,2017,ford,f-150,23911,25698
469,2010,ford,pk,25,155242
470,2018,gmc,acadia,21400,54332
471,2011,gmc,cab,5380,119215
472,2019,jeep,mpv,11000,8930
473,2019,jeep,mpv,4950,46985
474,2018,land,sport,22500,30220
475,2017,maserati,ghibli,30300,37021
476,2018,nissan,doors,2630,43152
477,2017,nissan,doors,3140,34318
478,2011,chevrolet,door,2300,88287
479,2011,chevrolet,door,4310,105486
480,2017,ford,door,26012,19850
481,2014,ford,door,75,116535
482,2019,gmc,1500,48500,15777
483,2009,gmc,mpv,3330,87448
484,2019,jeep,mpv,11200,8395
485,2019,hyundai,mpv,4730,30121
486,2018,mercedes-benz,glc,24900,33687
487,2017,mercedes-benz,e-class,29400,37561
488,2018,nissan,cab,8350,32256
489,2012,peterbilt,truck,475,902041
490,2017,nissan,doors,3210,25255
491,2006,chevrolet,van,25,165327
492,2006,chevrolet,cutaway,4200,118009
493,2011,chevrolet,utility,8430,114547
494,2017,ford,f-150,25503,18647
495,1996,ford,pickup,0,252588
496,2019,gmc,limited,26000,16669
497,2017,honda,doors,3900,47970
498,2019,jeep,mpv,11200,12905
499,2019,jeep,mpv,8610,22123
500,2018,mercedes-benz,gle,28000,40780
501,2017,mercedes-benz,sl-class,84900,25302
502,2017,lexus,mpv,10840,36596
503,2012,peterbilt,truck,100,0
504,2017,ram,door,11050,30421
505,2012,chevrolet,door,0,134938
506,2005,chevrolet,door,1000,135675
507,2015,dodge,door,3570,17355
508,2017,ford,door,25001,27773
509,2010,ford,door,0,86841
510,2017,gmc,mpv,5630,58366
511,2019,jeep,mpv,11100,11229
512,2019,hyundai,mpv,4650,27492
513,2005,lincoln,door,0,89705
514,2016,nissan,mpv,3820,41654
515,2009,peterbilt,truck,0,982486
516,2017,nissan,doors,2900,31954
518,2004,chevrolet,pickup,5100,173321
519,2015,dodge,door,4700,93423
520,2017,ford,f-150,29502,14053
521,2008,ford,door,0,145483
522,2017,honda,door,6160,25956
523,2019,jeep,mpv,10910,12253
524,2019,hyundai,doors,3440,34895
525,2016,mazda,cx-3,16000,47753
526,2016,kia,door,3810,39408
527,2010,peterbilt,truck,1025,1017936
528,2017,nissan,doors,3020,33599
530,2003,chevrolet,pickup,2000,507985
531,2010,ford,door,3870,185983
532,2017,ford,door,24811,28464
533,2007,ford,door,75,154989
534,2017,honda,doors,5420,16702
535,2019,jeep,mpv,11100,11449
536,2019,hyundai,mpv,4750,25847
537,2015,mercedes-benz,door,17900,49772
538,2015,nissan,door,3800,83915
539,2017,nissan,doors,3160,40306
541,2001,chevrolet,door,1200,149543
542,2010,chevrolet,coupe,6470,69622
543,2017,ford,door,26400,36295
544,1993,gmc,door,0,0
545,2018,gmc,2500hd,32500,14856
546,2017,honda,mpv,6900,44129
547,2019,jeep,mpv,11030,10861
548,2012,hyundai,door,3460,142106
549,2015,mercedes-benz,door,18000,82411
550,2015,hyundai,door,3250,111612
551,2017,nissan,doors,3210,35251
552,2017,chevrolet,door,13200,50408
553,2019,ford,f-150,27705,15630
554,2017,chevrolet,door,7200,53273
555,2019,ford,f-150,28714,14786
556,2017,chevrolet,door,11200,85315
557,2019,ford,f-150,27502,16146
558,2017,chevrolet,door,11900,76211
559,2019,ford,f-150,29314,15265
560,2017,chevrolet,door,11200,79965
561,2019,ford,f-150,27002,16059
562,2017,chevrolet,door,13200,62739
563,2019,ford,f-150,28214,15569
564,2017,chevrolet,door,12700,58932
565,2019,ford,f-150,29900,17488
566,2017,chevrolet,door,12700,60733
567,2019,ford,f-150,27202,18550
568,2018,chevrolet,impala,13500,53194
569,2019,ford,f-150,27705,17644
570,2016,chevrolet,van,14700,34454
571,2019,ford,f-150,29900,17684
572,2015,chevrolet,door,4500,83279
573,2019,ford,f-150,27705,16600
574,2015,chevrolet,door,8000,107971
575,2019,ford,f-150,25511,17801
576,2015,chevrolet,colorado,7700,94150
577,2019,ford,f-150,29900,17159
578,2015,chevrolet,van,7200,80711
579,2019,ford,f-150,27502,17983
580,2013,chevrolet,door,4500,119981
581,2019,ford,f-150,27402,17851
582,2013,chevrolet,sonic,1500,66079
583,2019,ford,f-150,26602,18174
584,2019,chevrolet,sonic,10200,7654
585,2019,ford,f-150,29900,18759
586,2019,chevrolet,colorado,14000,11564
587,2019,ford,f-150,28500,18901
588,2016,chevrolet,door,8000,86541
589,2019,ford,f-150,29809,21157
590,2015,chevrolet,corvette,36900,29937
591,2019,ford,f-150,26902,23964
592,2015,chevrolet,door,10950,58504
593,2019,ford,f-150,27402,20154
594,2014,acura,mdx,16900,63500
595,2019,ford,f-150,25600,23294
596,2016,bmw,series,29700,24293
597,2019,ford,f-150,27702,20343
598,2016,buick,encore,13500,19655
599,2019,ford,f-150,27102,19100
600,2019,ford,f-150,27102,20014
601,2019,ford,f-150,25811,21774
602,2019,ford,f-150,26602,21201
603,2019,ford,f-150,27102,21766
604,2019,buick,enclave,37500,12406
605,2019,ford,flex,26211,17977
606,2019,ford,flex,24205,22805
607,2019,cadillac,xt5,37500,16013
608,2019,ford,flex,27111,14382
609,2019,ford,flex,27411,9660
610,2019,ford,flex,27302,18969
611,2019,ford,f-150,27202,24730
612,2019,ford,flex,26311,15847
613,2019,ford,f-150,26602,25009
614,2017,bmw,series,33500,22115
615,2019,ford,flex,27511,11836
616,2017,buick,door,21500,23765
617,2019,ford,f-150,27200,25508
618,2019,ford,flex,26511,18196
619,2019,ford,flex,24002,16106
620,2017,buick,door,21500,14907
621,2019,ford,fusion,18511,12735
622,2017,kia,sorento,14000,53424
623,2017,buick,door,29000,17940
624,2019,ford,flex,23402,17417
625,2017,kia,door,13300,37125
626,2017,bmw,x3,19700,61428
627,2019,ford,flex,23211,17025
628,2017,kia,sorento,15500,37668
629,2019,ford,fusion,18111,15805
630,2017,kia,sorento,21500,43761
631,2019,ford,mustang,25511,11342
632,2017,chevrolet,equinox,17700,35664
633,2017,chevrolet,cutaway,28000,12780
634,2017,chevrolet,door,14000,38458
635,2017,chevrolet,door,21700,34420
636,2017,chevrolet,door,13500,46497
637,2017,chevrolet,1500,35500,21268
638,2017,chevrolet,1500,29500,31029
639,2017,chevrolet,1500,25300,40878
640,2016,chevrolet,1500,21500,20270
641,2016,chevrolet,door,25900,32984
642,2016,chevrolet,door,35300,75506
643,2016,chevrolet,door,13500,39951
644,2016,chevrolet,corvette,62000,19403
645,2016,chevrolet,corvette,46000,4445
646,2016,chevrolet,malibu,9000,67527
647,2016,chevrolet,door,25900,33588
648,2016,chevrolet,door,25800,10103
649,2016,chevrolet,door,17000,26474
650,2016,chevrolet,door,12800,40253
651,2016,chevrolet,3500,47400,39624
652,2016,chevrolet,door,24400,48705
653,2016,chevrolet,trax,17100,19659
654,2015,chevrolet,door,7400,91299
655,2015,chevrolet,door,33100,81614
656,2020,chevrolet,trax,22000,179
657,2019,chevrolet,1500,35000,5523
658,2019,chevrolet,equinox,16500,29841
659,2019,chevrolet,1500,35300,8516
661,2017,chevrolet,trax,11600,27498
662,2017,chevrolet,1500,28100,31141
663,2017,chevrolet,1500,27700,20784
664,2017,chevrolet,passenger,17700,52667
665,2017,chevrolet,volt,16600,26003
666,2016,chevrolet,corvette,63200,4266
667,2015,chevrolet,door,36800,32332
668,2018,chevrolet,passenger,19500,44333
669,2019,chevrolet,tahoe,38800,36198
670,2019,chevrolet,tahoe,37500,33331
671,2019,chevrolet,suburban,35000,43082
672,2019,chevrolet,camaro,31100,24561
673,2019,chevrolet,van,22600,13485
674,2019,chevrolet,van,22400,15524
675,2019,chevrolet,van,22700,8996
676,2019,chevrolet,malibu,13700,47282
677,2019,chevrolet,suburban,37100,34470
678,2018,chevrolet,colorado,18500,87264
679,2017,chevrolet,2500,18300,114344
680,2017,chevrolet,2500,19000,111635
681,2017,chevrolet,1500,18500,103955
682,2016,chevrolet,door,22500,66640
683,2014,chevrolet,door,14500,122018
684,2018,chevrolet,tahoe,32800,46915
685,2018,chevrolet,malibu,12300,53599
686,2018,chevrolet,1500,19600,41672
687,2018,chevrolet,malibu,13600,36047
688,2018,chevrolet,spark,7200,42561
689,2018,chevrolet,1500,19900,40345
690,2018,chevrolet,malibu,13000,41751
691,2016,chevrolet,door,19700,27593
692,2017,chevrolet,door,9400,24009
693,2017,chevrolet,1500,23800,85697
694,2019,chevrolet,equinox,17700,25223
695,2015,chevrolet,door,17000,27927
696,2014,chevrolet,door,14000,135127
697,2018,chevrolet,2500,32100,55532
698,2019,chevrolet,2500,33100,72172
699,2018,chevrolet,2500,31600,57751
700,2013,chevrolet,door,5100,96314
701,2013,chevrolet,door,4100,89152
702,2014,chevrolet,door,7200,114660
703,2014,chevrolet,1500,12800,177322
704,2019,chevrolet,1500,46800,36423
705,2019,chevrolet,van,21800,23759
706,2013,chevrolet,door,3000,120667
707,2017,chevrolet,colorado,22500,65344
708,2018,chevrolet,suburban,35300,51347
709,2017,chevrolet,volt,16500,52322
710,2017,chevrolet,door,33000,67620
711,2017,chevrolet,1500,31500,59965
712,2017,chevrolet,1500,34500,28739
713,2016,chevrolet,trax,8000,77429
714,2017,chevrolet,1500,25000,20847
715,2016,chevrolet,trax,10700,44280
716,2016,chevrolet,door,13400,86031
717,2019,chevrolet,equinox,16500,7622
718,2019,chevrolet,traverse,34000,8067
719,2018,chevrolet,trax,14100,16502
720,2019,chevrolet,1500,38600,20681
721,2016,chevrolet,door,9100,54655
722,2016,chevrolet,door,8600,57825
723,2016,chevrolet,door,22000,58856
724,2015,chevrolet,colorado,8900,85072
725,2015,chevrolet,door,15500,79506
726,2015,chevrolet,door,3300,85301
727,2015,chevrolet,1500,29000,69377
728,2020,chevrolet,equinox,17300,15577
729,2020,chevrolet,traverse,30500,23470
730,2020,chevrolet,impala,25000,18715
731,2012,chevrolet,cruze,2800,61258
732,2012,chevrolet,door,3300,131791
733,2019,chevrolet,suburban,36400,35705
734,2019,chevrolet,suburban,34800,48982
735,2019,chevrolet,ld,20700,33745
736,2019,chevrolet,suburban,32200,42267
737,2019,chevrolet,tahoe,35300,46863
738,2019,chevrolet,suburban,33500,36443
739,2019,chevrolet,impala,13700,14939
740,2019,chevrolet,malibu,15900,22026
741,2019,chevrolet,suburban,33200,38278
742,2019,chevrolet,suburban,35500,46149
743,2018,chevrolet,suburban,29800,48427
744,2018,chevrolet,suburban,29800,48807
745,2018,chevrolet,suburban,29500,52618
746,2018,chevrolet,suburban,30300,46494
747,2018,chevrolet,1500,24300,56296
748,2017,chevrolet,suburban,29800,33909
749,2017,chevrolet,suburban,29800,33028
750,2016,chevrolet,camaro,27500,44653
751,2017,chevrolet,door,10800,80516
752,2017,chevrolet,van,11500,105151
753,2017,chevrolet,van,10400,78368
754,2018,chevrolet,equinox,11400,78956
755,2018,chevrolet,equinox,11400,88564
756,2015,chevrolet,door,8000,78800
757,2012,chevrolet,door,3000,111856
758,2015,chevrolet,door,25000,80946
759,2017,chevrolet,traverse,12300,83168
760,2017,chevrolet,traverse,14100,58606
761,2014,chevrolet,van,9000,82020
762,2014,chevrolet,door,4200,102500
763,2019,chevrolet,van,22500,8150
764,2019,chevrolet,van,22600,6159
765,2019,chevrolet,van,22600,5938
766,2019,chevrolet,van,22500,9019
767,2018,chevrolet,malibu,10200,45836
768,2016,chevrolet,3500,42700,60215
769,2015,chevrolet,tahoe,21200,125507
770,2016,chevrolet,door,22700,90944
771,2015,chevrolet,tahoe,22000,82785
772,2014,chevrolet,1500,9600,150525
773,2013,chevrolet,door,10500,112267
774,2013,chevrolet,door,6700,139394
775,2013,chevrolet,door,14200,82543
776,2019,chevrolet,equinox,15500,13532
777,2018,chevrolet,1500,35100,14751
778,2018,chevrolet,camaro,26300,11150
779,2016,chevrolet,colorado,15700,91248
780,2016,chevrolet,1500,17600,65336
781,2016,chevrolet,1500,18600,48974
782,2016,chevrolet,1500,19100,40011
783,2019,chevrolet,equinox,15200,37444
784,2019,chevrolet,equinox,16100,43199
785,2019,chevrolet,equinox,14800,43589
786,2019,chevrolet,equinox,16700,32870
787,2019,chevrolet,equinox,15300,38826
788,2019,chevrolet,equinox,16500,33739
789,2019,chevrolet,passenger,19600,35309
790,2019,chevrolet,impala,15200,32248
791,2019,chevrolet,impala,15000,36165
792,2019,chevrolet,impala,15500,29922
793,2019,chevrolet,impala,15700,26848
794,2019,chevrolet,impala,14800,41163
795,2017,chevrolet,cruze,9200,32856
796,2017,chevrolet,impala,8200,100315
797,2013,chevrolet,door,11400,91638
798,2015,chevrolet,door,6500,83173
799,2014,chevrolet,door,11500,94356
800,2015,chevrolet,door,23800,85792
801,2014,chevrolet,door,8900,129068
802,2019,chevrolet,ld,28300,27665
803,2019,chevrolet,ld,27300,25427
804,2013,chevrolet,door,3500,78198
805,2020,chevrolet,colorado,28300,13886
806,2019,chevrolet,impala,18300,34538
807,2018,dodge,charger,22500,20575
808,2018,dodge,charger,22500,26026
809,2012,dodge,door,8300,99015
810,2019,dodge,caravan,16500,27327
811,2019,dodge,journey,14500,30229
812,2019,dodge,challenger,21600,23783
813,2019,dodge,charger,22600,30759
814,2019,dodge,caravan,16300,38922
815,2012,dodge,door,8600,165836
816,2019,dodge,durango,28800,19235
817,2019,dodge,challenger,22100,9445
818,2018,dodge,journey,14300,19164
819,2018,dodge,caravan,13700,54106
820,2017,dodge,challenger,29500,32051
821,2017,dodge,journey,18500,14870
822,2016,dodge,door,19000,32294
823,2015,dodge,challenger,43400,7250
824,2015,dodge,challenger,46000,10145
825,2018,dodge,journey,12500,59924
826,2017,dodge,charger,13900,21304
827,2018,dodge,caravan,13000,52079
828,2018,dodge,caravan,13000,54960
829,2013,dodge,door,3000,80099
830,2019,dodge,caravan,17500,23987
831,2017,dodge,door,7900,84144
832,2014,dodge,door,8900,85639
833,2018,dodge,caravan,11500,50193
834,2017,dodge,journey,6500,74392
835,2017,dodge,door,8000,76117
836,2018,dodge,challenger,18700,36358
837,2017,dodge,journey,8350,90685
838,2017,dodge,charger,27900,54141
839,2016,dodge,door,14500,82240
840,2016,dodge,door,6200,66167
841,2012,dodge,door,7500,144220
842,2019,dodge,caravan,20200,24722
843,2019,dodge,durango,29300,41198
844,2019,dodge,durango,31000,26353
845,2019,dodge,durango,32400,28280
846,2012,dodge,door,5800,130120
847,2019,dodge,charger,21500,15340
848,2018,dodge,charger,23100,12265
849,2014,dodge,van,4500,94872
850,2018,dodge,charger,24800,17946
851,2018,dodge,charger,23000,26996
852,2019,dodge,journey,26900,5775
853,2018,dodge,challenger,21500,6748
854,2018,dodge,journey,15700,38128
855,2018,dodge,caravan,15200,41636
856,2018,dodge,charger,23300,5359
857,2015,dodge,door,6100,70296
858,2017,dodge,journey,20000,11346
859,2017,dodge,challenger,53000,7415
860,2013,dodge,door,3000,107593
861,2016,dodge,door,18200,50639
862,2019,dodge,challenger,21800,6530
863,2016,dodge,charger,52000,17432
864,2019,dodge,charger,19000,19636
865,2016,dodge,challenger,25000,41748
866,2016,dodge,challenger,36000,13162
867,2019,dodge,caravan,17000,32937
868,2015,dodge,door,25300,23095
869,2017,dodge,journey,14900,34432
870,2017,dodge,caravan,15000,48162
871,2014,dodge,doors,12995,68310
872,2014,dodge,doors,17750,48000
873,2014,dodge,doors,10295,105962
874,2014,dodge,doors,16995,96575
875,2014,dodge,doors,25000,13239
876,2014,dodge,doors,23995,24934
877,2014,dodge,doors,14900,46859
878,2014,dodge,doors,15810,44468
879,2014,dodge,doors,20227,62230
880,2014,dodge,doors,20999,37082
881,2014,dodge,doors,22499,23964
882,2014,dodge,doors,23495,11204
883,2014,dodge,doors,25250,7608
884,2014,dodge,doors,15322,49982
885,2019,dodge,charger,21232,4950
886,2013,dodge,journey,5800,111628
887,2012,dodge,door,29000,15927
888,2018,dodge,caravan,17000,36299
889,2018,dodge,journey,13800,28469
890,2019,dodge,durango,30000,29086
891,2017,dodge,caravan,14800,35991
892,2017,dodge,journey,8500,62224
893,2013,dodge,door,9800,86500
894,2014,dodge,door,4200,144725
895,2013,dodge,van,2500,163260
896,2018,dodge,charger,28700,19636
897,2018,dodge,challenger,18500,34272
898,2018,dodge,challenger,17300,42909
899,2016,dodge,door,7100,55749
900,2015,dodge,door,3250,89142
901,2017,dodge,durango,30700,20328
902,2012,dodge,door,3000,149332
903,2019,dodge,durango,26500,28551
904,2019,dodge,charger,20800,35098
905,2019,dodge,charger,20800,35365
906,2015,dodge,door,5100,88398
907,2019,dodge,challenger,18900,27957
908,2019,dodge,durango,24000,30161
909,2015,dodge,challenger,38800,26292
910,2019,dodge,durango,24500,25780
911,2019,dodge,durango,24500,25032
912,2016,dodge,door,6500,72248
913,2019,dodge,durango,24000,30630
914,2014,dodge,door,18000,86125
915,2019,dodge,durango,24000,30408
916,2019,dodge,durango,23500,35443
917,2014,dodge,van,4500,95377
918,2019,dodge,durango,25900,32724
919,2019,dodge,caravan,13900,45089
920,2019,dodge,journey,14200,35948
921,2019,dodge,caravan,15400,41601
922,2019,dodge,challenger,17500,26370
923,2019,dodge,caravan,17500,18271
924,2019,dodge,caravan,18000,9476
925,2012,dodge,door,25200,80899
926,2018,dodge,caravan,14100,57394
927,2018,dodge,caravan,13300,42190
928,2019,dodge,caravan,16200,22591
929,2018,dodge,caravan,13300,48681
930,2018,dodge,caravan,13100,42621
931,2017,dodge,caravan,15500,27761
932,2013,dodge,door,4500,107768
933,2019,dodge,durango,28400,14355
934,2019,dodge,caravan,17400,9467
935,2014,dodge,door,6000,122837
936,2019,dodge,challenger,20700,18313
937,2019,dodge,challenger,20300,19506
938,2018,dodge,journey,14000,14750
939,2019,dodge,challenger,22000,11280
940,2019,dodge,journey,17200,13944
941,2016,dodge,door,15000,26922
942,2019,dodge,journey,17500,12690
943,2013,dodge,door,1300,239822
944,2014,dodge,door,1750,74975
945,2019,dodge,caravan,16300,28289
946,2019,dodge,caravan,15700,38041
947,2017,dodge,journey,10000,52386
948,2019,dodge,charger,23100,34391
949,2019,dodge,caravan,14900,39515
950,2019,dodge,journey,16700,22074
951,2019,dodge,caravan,16300,28782
952,2019,dodge,durango,25800,30092
953,2019,dodge,challenger,23800,26443
954,2019,dodge,journey,16800,28981
955,2019,dodge,journey,15500,32865
956,2014,dodge,door,6000,117258
957,2019,dodge,durango,26900,16397
958,2019,dodge,caravan,16900,16176
959,2019,dodge,caravan,19500,1091
960,2019,dodge,caravan,15400,17472
961,2012,dodge,door,2300,123882
962,2019,dodge,charger,17000,10341
963,2019,dodge,durango,34000,19695
964,2017,dodge,journey,13700,51041
965,2018,dodge,challenger,19100,22646
966,2018,dodge,journey,11800,18138
967,2019,dodge,durango,27500,23987
968,2019,dodge,durango,26900,17160
969,2019,dodge,durango,27100,26929
970,2019,dodge,durango,27200,25815
971,2017,dodge,caravan,9000,81992
972,2019,dodge,challenger,22500,5000
973,2015,dodge,door,7700,62683
974,2013,dodge,van,4500,107224
975,2013,dodge,door,2200,184905
976,2019,dodge,charger,21500,35153
977,2019,dodge,challenger,18800,26474
978,2019,dodge,charger,21800,30943
979,2019,dodge,challenger,20300,17154
980,2016,dodge,van,8200,79637
981,2019,dodge,caravan,19000,12123
982,2016,dodge,door,8400,107822
983,2019,dodge,caravan,19500,10221
984,2015,dodge,door,7000,95278
985,2019,dodge,challenger,19500,13457
986,2014,dodge,van,8500,69936
987,2019,dodge,challenger,20500,13520
988,2014,dodge,door,4900,96922
989,2014,dodge,door,20800,72594
990,2019,dodge,durango,28500,17896
991,2019,dodge,caravan,21900,11088
992,2019,dodge,caravan,15800,29567
993,2019,dodge,durango,33000,15655
994,2019,dodge,challenger,22700,26428
995,2019,dodge,charger,21900,29003
996,2019,dodge,charger,19300,32229
997,2019,dodge,durango,30700,26503
998,2019,dodge,challenger,19300,15446
999,2014,dodge,caravan,13750,128556
1000,2019,dodge,caravan,16400,23369
1001,2019,dodge,caravan,19500,8767
1002,2019,dodge,caravan,15100,48319
1003,2019,dodge,durango,28500,15275
1004,2019,dodge,caravan,15300,33826
1005,2019,dodge,challenger,20300,16679
1006,2019,dodge,charger,22000,26184
1007,2019,dodge,journey,16700,21203
1008,2019,dodge,challenger,19300,17870
1009,2019,dodge,durango,34100,17909
1010,2019,dodge,caravan,14600,41126
1011,2019,dodge,caravan,18200,14098
1012,2019,dodge,durango,33800,15003
1013,2019,dodge,journey,15900,29105
1014,2019,dodge,caravan,16500,34794
1015,2019,dodge,durango,29600,20034
1016,2019,dodge,caravan,14100,46942
1017,2019,dodge,caravan,18200,14753
1018,2019,dodge,caravan,18200,14359
1019,2019,dodge,charger,24300,34922
1020,2019,dodge,journey,15400,20944
1021,2019,dodge,journey,19000,9877
1022,2019,dodge,journey,19000,8949
1023,2017,dodge,challenger,27800,13627
1024,2019,dodge,journey,18200,18291
1025,2018,dodge,journey,15000,38029
1026,2017,dodge,caravan,19200,32593
1027,2018,dodge,caravan,15500,37352
1028,2017,dodge,challenger,24900,23030
1029,2018,dodge,journey,15500,30671
1030,2012,dodge,door,7600,79544
1031,2017,dodge,journey,18400,15027
1032,2018,dodge,caravan,14700,29115
1033,2015,dodge,door,3900,93604
1034,2015,dodge,door,5200,100203
1035,2019,dodge,caravan,17200,35401
1036,2019,dodge,caravan,18700,20279
1037,2019,dodge,durango,32000,26090
1038,2015,dodge,door,14500,107924
1039,2019,dodge,caravan,19400,14906
1040,2019,dodge,caravan,17300,34407
1041,2019,dodge,journey,16700,18049
1042,2019,dodge,caravan,19100,18132
1043,2013,dodge,door,11100,109176
1044,2019,dodge,durango,32000,25456
1045,2019,dodge,caravan,16900,38375
1046,2017,dodge,charger,18000,39792
1047,2019,dodge,caravan,17800,30403
1048,2019,dodge,caravan,18000,28252
1049,2019,dodge,caravan,17500,31904
1050,2018,dodge,caravan,14500,24336
1051,2019,dodge,caravan,18500,23961
1052,2019,dodge,caravan,18600,22919
1053,2019,dodge,durango,32000,22863
1054,2019,dodge,caravan,17000,38817
1055,2019,dodge,caravan,16000,48854
1056,2019,dodge,caravan,18000,27288
1057,2020,dodge,charger,15900,5284
1058,2016,dodge,door,6200,99988
1059,2013,dodge,door,3700,84109
1060,2012,dodge,door,24000,88539
1061,2013,dodge,van,20800,33739
1062,2012,dodge,door,18500,101017
1063,2019,dodge,challenger,18300,13906
1064,2019,dodge,charger,21000,20601
1065,2013,dodge,van,1300,135561
1066,2019,dodge,charger,11900,23421
1067,2012,dodge,van,950,145174
1068,2019,dodge,durango,26800,21309
1069,2012,dodge,van,800,217576
1070,2019,dodge,caravan,21000,10350
1071,2012,dodge,door,1900,157636
1072,2019,dodge,durango,33500,8605
1073,2013,dodge,door,900,139404
1074,2019,dodge,caravan,21000,10170
1075,2019,dodge,durango,26800,22272
1076,2016,dodge,van,5700,101906
1077,2019,dodge,challenger,18500,27019
1078,2019,dodge,durango,33000,10930
1079,2019,dodge,caravan,11000,73552
1080,2019,dodge,caravan,15800,37107
1081,2013,dodge,door,3600,124247
1082,2019,dodge,caravan,16300,36993
1083,2015,dodge,door,2700,67133
1084,2019,dodge,caravan,12800,33580
1085,2015,dodge,door,9700,94140
1086,2019,dodge,journey,18300,10447
1087,2019,dodge,charger,16000,10229
1088,2019,dodge,caravan,21000,6269
1089,2014,dodge,door,3700,98699
1090,2019,dodge,durango,33000,10631
1091,2019,dodge,caravan,14700,44381
1092,2019,dodge,durango,33000,13960
1093,2019,dodge,caravan,15900,14051
1094,2019,dodge,durango,33000,20800
1095,2019,dodge,durango,33000,8873
1096,2019,dodge,durango,32500,15502
1097,2019,dodge,durango,33000,9669
1098,2018,dodge,caravan,13000,50873
1099,2019,dodge,durango,33000,14117
1100,2019,dodge,charger,16500,46820
1101,2019,dodge,durango,33000,7247
1102,2017,dodge,challenger,34500,40991
1103,2019,dodge,durango,33500,9023
1104,2018,dodge,durango,48000,8047
1105,2019,dodge,durango,54500,3966
1106,2018,dodge,caravan,13200,41014
1107,2018,dodge,durango,31500,20907
1108,2017,dodge,durango,17400,89795
1109,2017,dodge,durango,26000,57158
1110,2013,dodge,door,1700,126718
1111,2013,dodge,door,11000,83976
1112,2018,dodge,charger,21000,12554
1113,2015,dodge,door,5500,60707
1114,2014,dodge,door,7500,40110
1115,2019,dodge,caravan,15800,28038
1116,2019,dodge,journey,16900,26643
1117,2019,dodge,durango,25000,36127
1118,2019,dodge,door,18000,19983
1119,2019,dodge,caravan,15600,29926
1120,2019,dodge,durango,23800,36750
1121,2019,dodge,journey,16800,27312
1122,2019,dodge,durango,22700,49575
1123,2019,dodge,challenger,23300,30279
1124,2019,dodge,challenger,23500,25825
1125,2019,dodge,durango,25500,32474
1126,2019,dodge,challenger,21800,30585
1127,2019,dodge,durango,22800,36203
1128,2019,dodge,caravan,18200,29602
1129,2019,dodge,challenger,23500,28689
1130,2019,dodge,durango,25700,31447
1131,2019,dodge,caravan,15700,39148
1132,2018,dodge,journey,17500,33495
1133,2019,dodge,caravan,15700,35274
1134,2018,dodge,caravan,16500,48745
1135,2019,dodge,caravan,16100,31297
1136,2019,dodge,caravan,15600,38745
1137,2019,dodge,caravan,15400,37704
1138,2017,dodge,durango,28200,27060
1139,2019,dodge,caravan,15300,40002
1140,2019,dodge,caravan,15900,34930
1141,2016,dodge,door,17700,22863
1142,2019,dodge,caravan,15800,36876
1143,2019,dodge,caravan,15900,34264
1144,2019,dodge,charger,25300,17515
1145,2019,dodge,caravan,16300,27071
1146,2019,dodge,durango,29500,14656
1147,2019,dodge,caravan,14500,35652
1148,2019,dodge,caravan,15400,30055
1149,2019,dodge,caravan,15400,43088
1150,2019,dodge,caravan,15100,33641
1151,2019,dodge,caravan,15000,34797
1152,2019,dodge,caravan,15500,43943
1153,2019,dodge,caravan,15000,35744
1154,2019,dodge,caravan,15200,31542
1155,2019,dodge,caravan,15700,26899
1156,2019,dodge,journey,16100,29985
1157,2018,dodge,journey,16300,37009
1158,2019,dodge,journey,16000,30731
1159,2019,dodge,journey,16900,30062
1160,2019,dodge,journey,17000,28295
1161,2019,dodge,journey,17300,25534
1162,2019,dodge,journey,15900,29716
1163,2019,dodge,journey,15700,34294
1164,2019,dodge,journey,16900,27643
1165,2019,dodge,journey,15500,35516
1166,2019,dodge,journey,15100,40674
1167,2019,dodge,journey,15500,32494
1168,2019,dodge,journey,15400,35047
1169,2019,dodge,journey,16500,32898
1170,2015,dodge,challenger,42500,13740
1171,2019,dodge,journey,16600,23132
1172,2019,dodge,journey,15200,37174
1173,2019,dodge,journey,15800,34023
1174,2019,dodge,journey,16900,30021
1175,2017,dodge,caravan,11100,51469
1176,2019,dodge,journey,15600,31237
1177,2019,dodge,journey,16900,30186
1178,2019,dodge,journey,15300,41956
1179,2019,dodge,journey,16600,30727
1180,2017,dodge,durango,21800,38956
1181,2018,dodge,charger,36500,22036
1182,2019,dodge,durango,26300,26462
1183,2019,dodge,challenger,20900,23143
1184,2019,dodge,challenger,20100,17340
1185,2019,dodge,charger,26700,29749
1186,2019,dodge,charger,23900,35248
1187,2018,dodge,caravan,14500,40417
1188,2017,dodge,durango,23000,30309
1189,2018,dodge,journey,15000,42303
1190,2018,dodge,journey,15000,35326
1191,2017,ford,door,28500,92100
1192,2017,ford,door,28000,99375
1193,2017,ford,door,9000,72418
1194,2015,ford,doors,28700,29733
1195,2017,ford,door,25000,119439
1196,2015,ford,doors,17347,54396
1197,2016,ford,door,13800,91606
1198,2015,ford,doors,25888,2807
1199,2017,ford,fusion,8500,78739
1200,2015,ford,doors,21289,71955
1201,2015,ford,doors,17999,48472
1202,2012,ford,door,2700,98470
1203,2015,ford,doors,30977,28937
1204,2015,ford,doors,13799,83693
1205,2014,ford,srw,20500,90888
1206,2012,ford,drw,8500,216942
1207,2015,ford,door,9900,205796
1208,2019,ford,srw,65500,6500
1209,2018,ford,wagon,24500,39943
1210,2020,ford,explorer,32500,5920
1211,2018,ford,fusion,9200,71478
1212,2017,ford,door,17700,119520
1213,2020,ford,fusion,18300,10882
1214,2019,ford,srw,43500,29010
1215,2016,ford,door,15200,69003
1216,2019,ford,srw,36200,16207
1217,2018,ford,mustang,21900,29748
1218,2019,ford,wagon,20700,25582
1219,2019,ford,fusion,12300,24520
1220,2016,ford,door,4200,104383
1221,2019,ford,transit,19500,34164
1222,2020,ford,fusion,14300,6975
1223,2016,ford,van,13700,67150
1224,2015,ford,door,13200,100820
1225,2014,ford,door,6200,142286
1226,2015,ford,door,6500,60015
1227,2013,ford,door,1500,126381
1228,2013,ford,door,2200,128753
1229,2013,ford,door,4200,0
1230,2013,ford,van,8700,64598
1231,2012,ford,door,3200,111532
1232,2012,ford,door,9000,149346
1233,2018,ford,edge,20000,43567
1234,2017,ford,door,33000,36004
1235,2019,ford,f-150,23300,10935
1236,2017,ford,van,8750,150484
1237,2012,ford,door,11975,122014
1238,2019,ford,transit,23600,19363
1239,2016,ford,explorer,12000,42902
1240,2018,ford,f-150,30900,401
1241,2019,ford,transit,23900,11077
1242,2018,ford,f-150,40400,34100
1243,2019,ford,srw,38000,30018
1244,2019,ford,flex,27000,18279
1245,2019,ford,transit,24000,7373
1246,2019,ford,ranger,30000,2590
1247,2019,ford,fusion,16200,41662
1248,2019,ford,flex,30000,15019
1249,2019,ford,transit,23900,9420
1250,2018,ford,taurus,13800,41864
1251,2019,ford,transit,23700,16829
1252,2018,ford,f-150,24300,6290
1253,2019,ford,srw,54900,14393
1254,2018,ford,taurus,22500,14599
1255,2018,ford,f-150,39000,25839
1256,2018,ford,escape,13900,60715
1257,2018,ford,explorer,24700,23350
1258,2018,ford,transit,20100,62386
1259,2018,ford,mustang,22000,6248
1260,2019,ford,mustang,38200,878
1261,2018,ford,transit,24400,49710
1262,2018,ford,mustang,35000,2042
1263,2019,ford,flex,18600,7742
1264,2018,ford,transit,22700,39733
1265,2018,ford,f-150,38000,33701
1266,2014,ford,door,17000,67542
1267,2017,ford,escape,17500,35095
1268,2019,ford,f-150,23200,8652
1269,2017,ford,explorer,30700,51107
1270,2019,ford,transit,23500,14987
1271,2017,ford,edge,26400,28252
1272,2019,ford,transit,23500,16009
1273,2017,ford,door,38000,47866
1274,2019,ford,transit,23600,11004
1275,2017,ford,edge,19300,42895
1276,2019,ford,f-150,23200,9490
1277,2017,ford,door,13800,39027
1278,2019,ford,transit,23600,13466
1279,2019,ford,f-150,23200,8737
1280,2017,ford,door,40000,23960
1281,2019,ford,f-150,23400,5562
1282,2019,ford,transit,23600,13763
1283,2019,ford,f-150,23000,10444
1284,2017,ford,door,25500,41696
1285,2019,ford,transit,23500,15787
1286,2017,ford,door,29900,9167
1287,2019,ford,transit,23200,17541
1288,2017,ford,f-150,50500,24686
1289,2019,ford,transit,23400,15210
1290,2017,ford,transit,24500,54601
1291,2017,ford,mustang,49000,2205
1292,2017,ford,transit,25400,35691
1293,2017,ford,flex,23000,32788
1294,2012,ford,door,6000,180471
1295,2016,ford,edge,22400,42925
1296,2016,ford,edge,22500,37385
1297,2019,ford,edge,25200,15415
1298,2016,ford,door,36000,20047
1299,2019,ford,edge,26700,16884
1300,2016,ford,door,30500,57936
1301,2019,ford,edge,26700,15244
1302,2019,ford,edge,25000,19842
1303,2016,ford,door,35200,38830
1304,2019,ford,f-150,30300,31899
1305,2016,ford,door,25000,69305
1306,2016,ford,door,26500,46098
1307,2019,ford,mustang,21600,29457
1308,2016,ford,edge,18800,30765
1309,2019,ford,mustang,21500,29096
1310,2016,ford,door,9000,40437
1311,2015,ford,cutaway,16700,69004
1312,2015,ford,cutaway,16800,65179
1313,2015,ford,cutaway,15700,75862
1314,2015,ford,cutaway,16800,68319
1315,2015,ford,door,19500,80354
1316,2015,ford,door,20500,51441
1317,2015,ford,cutaway,17400,70954
1318,2014,ford,door,17500,92500
1319,2014,ford,door,26000,66367
1320,2019,ford,f-150,56700,13884
1321,2013,ford,door,5000,202565
1322,2019,ford,f-150,40200,26484
1323,2013,ford,door,54000,703
1324,2019,ford,max,65200,18138
1325,2017,ford,srw,32500,28007
1326,2019,ford,transit,25500,11251
1327,2019,ford,srw,63000,11640
1328,2019,ford,srw,44000,10763
1329,2019,ford,drw,70000,9643
1330,2019,ford,srw,56200,33930
1331,2019,ford,srw,35000,26451
1332,2019,ford,srw,57700,21101
1333,2019,ford,drw,74000,10536
1334,2019,ford,srw,60200,31744
1335,2018,ford,srw,60000,18062
1336,2018,ford,srw,63000,17942
1337,2014,ford,door,22500,43646
1338,2014,ford,energi,8300,71989
1339,2012,ford,door,8300,138328
1340,2013,ford,door,21000,95386
1341,2019,ford,fusion,19300,23740
1342,2019,ford,fusion,16400,36064
1343,2019,ford,f-150,27300,18805
1344,2012,ford,cab,26400,151035
1345,2019,ford,mustang,35100,10099
1346,2018,ford,f-150,41500,9800
1347,2019,ford,mustang,34100,10483
1348,2019,ford,f-150,28600,17544
1349,2019,ford,mustang,34100,10167
1350,2019,ford,ranger,28700,11457
1351,2019,ford,edge,24700,26590
1352,2019,ford,expedition,46500,35346
1353,2019,ford,f-150,29000,12953
1354,2019,ford,edge,25500,26693
1355,2019,ford,f-150,39500,25071
1356,2019,ford,f-150,33100,33538
1357,2019,ford,f-150,30500,9915
1358,2018,ford,fiesta,3600,1
1359,2019,ford,fusion,16800,9910
1360,2019,ford,f-150,24000,16765
1361,2019,ford,expedition,58500,4970
1362,2017,ford,door,55000,43964
1363,2019,ford,f-150,28800,40785
1364,2015,ford,door,26800,108998
1365,2018,ford,max,36000,58576
1366,2018,ford,wagon,20000,55475
1367,2019,ford,drw,46700,35929
1368,2019,ford,srw,42800,21669
1369,2018,ford,mustang,21800,16079
1370,2018,ford,mustang,18800,41147
1371,2018,ford,flex,18800,45798
1372,2018,ford,f-150,30200,21703
1373,2018,ford,explorer,27500,22284
1374,2018,ford,transit,37500,24567
1375,2018,ford,mustang,19100,30594
1376,2018,ford,flex,17100,52747
1377,2018,ford,escape,13500,21592
1378,2018,ford,srw,54500,19853
1379,2018,ford,fiesta,9000,25201
1380,2020,ford,f-150,16400,10351
1381,2020,ford,fusion,17000,1117
1382,2017,ford,door,24800,37279
1383,2017,ford,door,26800,30113
1384,2017,ford,door,19400,27570
1385,2017,ford,flex,20000,45188
1386,2012,ford,door,7000,149712
1387,2017,ford,explorer,25100,25030
1388,2013,ford,door,2000,105743
1389,2020,ford,fusion,18200,9861
1390,2018,ford,fusion,14200,1751
1391,2017,ford,door,56500,30629
1392,2016,ford,door,2000,52883
1393,2020,ford,van,26500,122
1394,2019,ford,srw,34300,28534
1395,2017,ford,f-150,43500,80699
1396,2016,ford,door,3500,72851
1397,2019,ford,srw,37200,24078
1398,2017,ford,door,12800,38639
1399,2013,ford,door,15000,146807
1400,2017,ford,door,12500,31871
1401,2017,ford,f-150,21500,76876
1402,2019,ford,fusion,17300,28070
1403,2017,ford,explorer,27000,3189
1404,2017,ford,el,31800,28359
1405,2017,ford,door,13000,42890
1406,2017,ford,el,31800,29328
1407,2016,ford,door,46300,47531
1408,2015,ford,door,6000,57345
1409,2016,ford,door,22800,67546
1410,2019,ford,expedition,45000,18153
1411,2019,ford,expedition,49500,17689
1412,2012,ford,van,3000,137171
1413,2015,ford,door,20000,63445
1414,2019,ford,edge,25300,26422
1415,2015,ford,door,4000,149319
1416,2019,ford,expedition,45500,18767
1417,2018,ford,fiesta,9100,38289
1418,2019,ford,expedition,48000,22960
1419,2019,ford,max,47000,17263
1420,2019,ford,expedition,49500,16981
1421,2019,ford,wagon,31200,13058
1422,2014,ford,door,18500,45887
1423,2019,ford,escape,15500,21740
1424,2019,ford,wagon,30500,17707
1425,2019,ford,max,45500,19121
1426,2019,ford,wagon,31500,18856
1427,2013,ford,door,11000,84752
1428,2019,ford,max,46500,19555
1429,2019,ford,wagon,31500,16340
1430,2018,ford,f-150,32000,17242
1431,2019,ford,edge,23900,28733
1432,2019,ford,wagon,31500,16019
1433,2016,ford,taurus,18500,75580
1434,2013,ford,door,1500,113444
1435,2019,ford,max,46000,19227
1436,2019,ford,wagon,31500,13633
1437,2015,ford,van,14700,37739
1438,2013,ford,door,2700,103541
1439,2019,ford,expedition,47500,24072
1440,2019,ford,wagon,31500,17657
1441,2014,ford,door,8900,77392
1442,2019,ford,door,7000,11930
1443,2019,ford,expedition,49000,19731
1444,2019,ford,wagon,31500,15581
1445,2014,ford,door,8900,70181
1446,2019,ford,max,48000,16143
1447,2019,ford,max,50000,17995
1448,2019,ford,max,47300,23926
1449,2017,ford,f-150,45000,57929
1450,2019,ford,max,49000,20758
1451,2019,ford,f-150,40200,10028
1452,2019,ford,max,48000,21051
1453,2015,ford,door,5000,136307
1454,2013,ford,bus,8200,105880
1455,2019,ford,max,49000,19985
1456,2015,ford,door,4000,102590
1457,2019,ford,expedition,39000,27612
1458,2015,ford,door,29000,90855
1459,2019,ford,max,46500,19936
1460,2015,ford,door,7805,64495
1461,2018,ford,mustang,22000,39477
1462,2019,ford,max,18800,25698
1463,2015,ford,door,33000,73849
1464,2019,ford,expedition,39500,25422
1465,2015,ford,door,16900,47866
1466,2019,ford,max,42500,31236
1467,2019,ford,expedition,39500,26755
1468,2018,ford,f-150,25500,49177
1469,2019,ford,max,49500,20749
1470,2018,ford,f-150,25000,15003
1471,2019,ford,f-150,40000,12247
1472,2018,ford,f-150,26000,1
1473,2019,ford,f-150,29500,10808
1474,2019,ford,f-150,23000,11263
1475,2018,ford,f-150,25500,42307
1476,2019,ford,f-150,44500,17484
1477,2019,ford,escape,15600,37106
1478,2019,ford,f-150,23100,9539
1479,2019,ford,f-150,37000,2384
1480,2019,ford,fusion,14500,20590
1481,2019,ford,f-150,23000,13896
1482,2019,ford,f-150,26500,9451
1483,2017,ford,fusion,18000,31657
1484,2019,ford,expedition,35700,33907
1485,2019,ford,f-150,31000,10028
1486,2013,ford,door,2000,175640
1487,2019,ford,max,40400,30770
1488,2019,ford,f-150,43600,15141
1489,2019,ford,f-150,22600,18431
1490,2019,ford,f-150,26000,9604
1491,2019,ford,f-150,23200,9516
1492,2019,ford,f-150,29000,9718
1493,2019,ford,f-150,22800,16506
1494,2015,ford,door,3450,192108
1495,2019,ford,f-150,31000,11028
1496,2019,ford,f-150,22900,11313
1497,2014,ford,door,3000,141595
1498,2019,ford,f-150,28000,12886
1499,2019,ford,f-150,23200,9556
1500,2019,ford,f-150,27000,13269
1501,2019,ford,f-150,22800,16770
1502,2019,ford,f-150,31500,13526
1503,2019,ford,transit,23400,16391
1504,2019,ford,f-150,28000,11437
1505,2019,ford,transit,23400,17964
1506,2018,ford,f-150,28000,5440
1507,2019,ford,f-150,24900,13035
1508,2019,ford,transit,23500,15759
1509,2018,ford,f-150,36000,30002
1510,2019,ford,f-150,28700,13673
1511,2018,ford,fusion,16000,24480
1512,2019,ford,f-150,31000,13230
1513,2017,ford,f-150,16500,137789
1514,2019,ford,f-150,28500,13516
1515,2017,ford,escape,10800,81660
1516,2019,ford,f-150,28500,11763
1517,2017,ford,explorer,25000,34165
1518,2019,ford,f-150,31000,13458
1519,2016,ford,door,7800,104867
1520,2019,ford,f-150,28500,14004
1521,2016,ford,door,9500,69829
1522,2019,ford,f-150,28500,13405
1523,2016,ford,door,14500,96151
1524,2019,ford,f-150,25000,12688
1525,2016,ford,door,14500,116519
1526,2019,ford,f-150,28500,12260
1527,2016,ford,door,12100,29367
1528,2019,ford,f-150,29400,18982
1529,2019,ford,f-150,24700,23795
1530,2016,ford,door,8700,76572
1531,2019,ford,f-150,29500,15964
1532,2019,ford,f-150,25800,28117
1533,2016,ford,door,17500,116730
1534,2019,ford,f-150,23900,21055
1535,2019,ford,f-150,22900,27794
1536,2016,ford,edge,19500,56995
1537,2019,ford,f-150,29500,16625
1538,2019,ford,f-150,24500,27689
1539,2016,ford,door,11000,39851
1540,2019,ford,f-150,22400,31727
1541,2019,ford,escape,15700,31586
1542,2015,ford,door,11000,33717
1543,2019,ford,f-150,28000,18418
1544,2019,ford,fusion,13500,39013
1545,2013,ford,f-150,7300,125451
1546,2019,ford,f-150,25100,21346
1547,2019,ford,transit,24100,21150
1548,2014,ford,f-150,6500,103862
1549,2019,ford,f-150,10500,22001
1550,2019,ford,fusion,16900,31261
1551,2013,ford,door,6000,140870
1552,2019,ford,f-150,28500,14358
1553,2019,ford,fusion,16200,41672
1554,2013,ford,f-150,6500,95655
1555,2019,ford,flex,24500,19493
1556,2019,ford,fusion,16500,36956
1557,2017,ford,door,56500,23223
1558,2019,ford,fusion,10400,13085
1559,2018,ford,explorer,22800,36124
1560,2019,ford,flex,26500,19147
1561,2019,ford,flex,23800,24993
1562,2018,ford,f-150,24700,41127
1563,2019,ford,fusion,12400,32365
1564,2019,ford,fusion,16600,27774
1565,2015,ford,door,11200,105027
1566,2019,ford,fusion,15900,27806
1567,2015,ford,door,7700,54198
1568,2019,ford,fusion,15100,30181
1569,2013,ford,door,7200,82670
1570,2019,ford,fusion,15600,36305
1571,2019,ford,srw,39700,10475
1572,2019,ford,fusion,16000,34734
1573,2012,ford,door,7500,186713
1574,2017,ford,srw,15500,132150
1575,2019,ford,taurus,19000,12928
1576,2015,ford,door,5500,116539
1577,2018,ford,drw,38700,59549
1578,2019,ford,taurus,21000,12174
1579,2016,ford,door,28500,96129
1580,2018,ford,drw,37200,89809
1581,2019,ford,taurus,18500,18202
1582,2015,ford,door,15000,128505
1583,2017,ford,drw,37700,43527
1584,2019,ford,transit,22200,15792
1585,2019,ford,f-150,39950,9278
1586,2017,ford,drw,37600,41925
1587,2019,ford,taurus,18500,16924
1588,2013,ford,door,10000,119869
1589,2019,ford,taurus,20500,17260
1590,2013,ford,door,5700,89490
1591,2019,ford,transit,21000,40772
1592,2019,ford,transit,22500,25623
1593,2019,ford,f-150,29000,11669
1594,2013,ford,door,13200,138524
1595,2019,ford,transit,25500,13644
1596,2016,ford,door,25700,147935
1597,2015,ford,doors,18900,44456
1598,2019,ford,wagon,31500,20357
1599,2017,ford,door,45500,66366
1600,2017,ford,door,11000,43532
1601,2015,ford,doors,18288,45218
1602,2017,ford,door,20000,85688
1603,2016,ford,door,36600,58902
1604,2015,ford,doors,18299,59869
1605,2017,ford,escape,10000,35021
1606,2012,ford,door,4100,100264
1607,2015,ford,door,30995,157057
1608,2012,ford,door,1750,181316
1609,2019,ford,wagon,31500,23222
1610,2016,ford,door,13500,87686
1611,2014,ford,door,7500,162918
1612,2017,ford,door,650,0
1613,2019,ford,wagon,22800,32526
1614,2016,ford,door,11300,69402
1615,2014,ford,door,32700,76336
1616,2012,ford,door,1350,163334
1617,2019,ford,wagon,21900,47628
1618,2014,ford,door,11700,135283
1619,2014,ford,door,6500,147903
1620,2014,ford,door,9800,74181
1621,2014,ford,door,11000,77386
1622,2014,ford,door,1150,123349
1623,2013,ford,cutaway,13000,136661
1624,2013,ford,door,5500,109600
1625,2014,ford,door,6000,125369
1626,2013,ford,door,11200,122861
1627,2016,ford,door,5000,110826
1628,2019,ford,f-150,23400,12198
1629,2019,ford,door,13500,45512
1630,2019,ford,f-150,22900,15656
1631,2020,ford,fusion,20000,23984
1632,2019,ford,f-150,22900,15821
1633,2020,ford,mustang,27000,12748
1634,2019,ford,expedition,54500,9865
1635,2020,ford,fusion,20600,17858
1636,2019,ford,f-150,23500,6711
1637,2019,ford,expedition,53000,14939
1638,2019,ford,transit,23600,15820
1639,2019,ford,wagon,33500,6140
1640,2019,ford,edge,24400,25552
1641,2016,ford,focus,13000,54984
1642,2019,ford,max,48400,24783
1643,2014,ford,door,26500,148442
1644,2019,ford,max,46200,34191
1645,2013,ford,door,9300,82072
1646,2012,ford,door,13500,104559
1647,2019,ford,edge,27600,13265
1648,2013,ford,door,7400,133314
1649,2019,ford,edge,26500,22458
1650,2013,ford,door,26000,70106
1651,2019,ford,edge,24500,23712
1652,2012,ford,door,2100,101848
1653,2019,ford,ecosport,16700,14994
1654,2015,ford,edge,17500,59726
1655,2019,ford,escape,17000,16448
1656,2015,ford,door,22500,28801
1657,2019,ford,f-150,34500,28938
1658,2019,ford,ecosport,16600,19022
1659,2014,ford,door,7500,93832
1660,2019,ford,f-150,34500,25046
1661,2019,ford,edge,25000,22318
1662,2019,ford,f-150,36000,17301
1663,2019,ford,edge,23700,27413
1664,2019,ford,explorer,28600,39733
1665,2013,ford,door,23500,74195
1666,2019,ford,explorer,25300,44383
1667,2019,ford,flex,24900,19151
1668,2012,ford,f-750,20300,188394
1669,2020,ford,fusion,23400,2452
1670,2019,ford,fusion,14600,36252
1671,2019,ford,f-150,25500,27136
1672,2019,ford,fusion,14700,35951
1673,2019,ford,f-150,33700,35221
1674,2019,ford,f-150,33400,33808
1675,2019,ford,f-150,34000,32022
1676,2019,ford,fusion,17500,34173
1677,2019,ford,fusion,14100,24272
1678,2019,ford,f-150,30000,19055
1679,2019,ford,fusion,16500,34822
1680,2019,ford,f-150,30600,15422
1681,2019,ford,ecosport,12800,24765
1682,2019,ford,wagon,26000,23019
1683,2019,ford,max,46000,38243
1684,2019,ford,ranger,28500,16509
1685,2019,ford,edge,24300,18762
1686,2019,ford,explorer,29000,28854
1687,2019,ford,escape,15300,17392
1688,2019,ford,mustang,27900,13558
1689,2019,ford,edge,24700,27082
1690,2019,ford,escape,14400,17510
1691,2019,ford,ecosport,15000,24662
1692,2014,ford,door,17200,96076
1693,2019,ford,ecosport,12800,22858
1694,2020,ford,explorer,46900,740
1695,2013,ford,door,2800,110748
1696,2019,ford,escape,16200,25090
1697,2020,ford,escape,25200,7
1698,2019,ford,max,34800,34277
1699,2019,ford,srw,52000,34527
1700,2017,ford,door,26000,99923
1701,2019,ford,expedition,40600,39170
1702,2019,ford,srw,55000,16569
1703,2015,ford,door,5000,80612
1704,2019,ford,max,36400,36616
1705,2015,ford,door,7500,92165
1706,2019,ford,escape,14700,44778
1707,2020,ford,explorer,43900,2089
1708,2013,ford,door,6400,91652
1709,2019,ford,expedition,41100,35801
1710,2013,ford,door,23000,88781
1711,2019,ford,escape,13900,36978
1712,2012,ford,door,19000,189776
1713,2019,ford,max,34800,35233
1714,2012,ford,door,22000,151641
1715,2019,ford,escape,16300,37044
1716,2019,ford,escape,18800,15835
1717,2012,ford,cab,13000,201187
1718,2019,ford,max,40900,41928
1719,2019,ford,expedition,47000,37059
1720,2017,ford,door,12800,33763
1721,2019,ford,explorer,25500,29850
1722,2019,ford,escape,17800,26675
1723,2019,ford,f-150,25700,17828
1724,2019,ford,escape,17200,29632
1725,2019,ford,srw,35000,11544
1726,2019,ford,f-150,28800,21976
1727,2019,ford,max,39200,43617
1728,2019,ford,escape,13600,49254
1729,2019,ford,f-150,24200,51589
1730,2019,ford,max,46900,41399
1731,2019,ford,f-150,26500,11734
1732,2019,ford,explorer,24700,41628
1733,2017,ford,focus,12600,15075
1734,2019,ford,f-150,31800,26591
1735,2019,ford,f-150,24500,22906
1736,2019,ford,f-150,26000,33462
1737,2017,ford,f-150,21000,32747
1738,2019,ford,f-150,22500,33717
1739,2017,ford,door,7700,85218
1740,2019,ford,f-150,23100,23512
1741,2017,ford,door,9200,57853
1742,2019,ford,mustang,19600,33324
1743,2016,ford,door,11700,23803
1744,2019,ford,mustang,27300,31260
1745,2016,ford,edge,14300,69428
1746,2019,ford,transit,23600,15755
1747,2016,ford,door,6200,90946
1748,2019,ford,wagon,22400,51370
1749,2016,ford,door,5700,99941
1750,2019,ford,transit,23600,15456
1751,2016,ford,door,4600,141603
1752,2019,ford,srw,37500,2382
1753,2016,ford,van,10700,99544
1754,2019,ford,srw,31900,21546
1755,2019,ford,mustang,31600,16293
1756,2018,ford,escape,12600,40375
1757,2013,ford,door,5300,143191
1758,2018,ford,fiesta,3900,363
1759,2015,ford,edge,13000,59656
1760,2018,ford,ecosport,11800,37878
1761,2019,ford,edge,24600,20628
1762,2014,ford,door,14500,71205
1763,2018,ford,explorer,24300,26186
1764,2018,ford,fusion,12300,38157
1765,2016,ford,door,14800,30325
1766,2018,ford,mustang,17100,31561
1767,2016,ford,door,6800,66655
1768,2018,ford,explorer,20300,19029
1769,2018,ford,f-150,26300,11739
1770,2016,ford,door,22500,50423
1771,2019,ford,srw,41200,25638
1772,2017,ford,door,20400,59798
1773,2019,ford,drw,49900,5035
1774,2017,ford,escape,12100,32284
1775,2016,ford,door,24000,40371
1776,2017,ford,escape,9500,107569
1777,2017,ford,door,9000,96451
1778,2017,ford,escape,9800,94851
1779,2017,ford,door,7800,108727
1780,2017,ford,f-150,17200,91979
1781,2017,ford,explorer,18800,76258
1782,2014,ford,door,9800,147574
1783,2013,ford,door,7000,104764
1784,2019,ford,max,44000,16934
1785,2019,ford,transit,23400,13822
1786,2019,ford,transit,30700,5250
1787,2019,ford,escape,15600,33451
1788,2019,ford,f-150,22600,14291
1789,2019,ford,f-150,22900,16725
1790,2019,ford,f-150,22800,13002
1791,2019,ford,f-150,22700,18902
1792,2019,ford,f-150,23000,9732
1793,2019,ford,f-150,22700,18947
1794,2019,ford,f-150,23000,8402
1795,2019,ford,f-150,34400,17450
1796,2016,ford,srw,36500,53986
1797,2019,ford,f-150,23100,15848
1798,2019,ford,f-150,23300,10770
1799,2019,ford,f-150,22600,14587
1800,2016,ford,door,4500,98625
1801,2019,ford,f-150,23000,10916
1802,2014,ford,door,8000,107173
1803,2019,ford,fiesta,11500,10134
1804,2017,ford,door,9400,43056
1805,2019,ford,f-150,23000,10655
1806,2012,ford,door,2800,173601
1807,2019,ford,transit,22600,14231
1808,2019,ford,transit,23000,8985
1809,2016,ford,door,5200,84338
1810,2017,ford,door,19200,104290
1811,2017,ford,door,10100,45592
1812,2015,ford,door,6200,103960
1813,2016,ford,explorer,14000,110333
1814,2015,ford,door,5000,138516
1815,2016,ford,door,9200,49094
1816,2016,ford,door,14700,97526
1817,2014,ford,door,3000,87420
1818,2015,ford,door,30200,67052
1819,2013,ford,door,3800,58913
1820,2013,ford,door,3200,999999
1821,2015,ford,van,21500,14482
1822,2016,ford,door,4900,57084
1823,2017,ford,expedition,23000,90251
1824,2014,ford,door,11200,97320
1825,2014,ford,door,10400,80652
1826,2014,ford,door,13200,99816
1827,2013,ford,door,5200,115429
1828,2015,ford,door,10500,85549
1829,2013,ford,bus,11900,83030
1830,2014,ford,door,21200,130168
1831,2013,ford,door,23500,80090
1832,2013,ford,door,4700,118593
1833,2014,ford,door,11100,143704
1834,2015,ford,door,22000,53507
1835,2013,ford,door,14000,48408
1836,2013,ford,door,9200,109672
1837,2019,ford,edge,23300,28549
1838,2012,ford,door,21700,114500
1839,2012,ford,door,11200,67140
1840,2018,ford,escape,11300,42168
1841,2015,ford,cutaway,4200,80032
1842,2018,ford,focus,10900,52240
1843,2019,ford,max,42300,34874
1844,2014,ford,door,10500,119689
1845,2019,ford,max,43400,37355
1846,2016,ford,door,12500,100947
1847,2019,ford,escape,15900,26040
1848,2019,ford,max,42500,36638
1849,2015,ford,door,15000,137004
1850,2019,ford,edge,24700,31794
1851,2015,ford,door,15500,131106
1852,2019,ford,expedition,49000,22013
1853,2017,ford,door,29000,42291
1854,2019,ford,escape,16800,13155
1855,2019,ford,max,51000,24869
1856,2019,ford,escape,16500,18454
1857,2016,ford,d,10000,16694
1858,2019,ford,explorer,27900,28922
1859,2019,ford,edge,23700,23534
1860,2012,ford,dr,20000,24581
1861,2019,ford,max,45600,35646
1862,2012,ford,cab,6000,129873
1863,2019,ford,escape,15600,28669
1864,2017,ford,explorer,25000,32454
1865,2019,ford,explorer,28500,21800
1866,2014,ford,cutaway,8000,231769
1867,2016,ford,doors,19990,23796
1868,2019,ford,max,34400,42506
1869,2016,ford,doors,30999,6249
1870,2019,ford,expedition,41000,47496
1871,2016,ford,doors,27999,10700
1872,2019,ford,expedition,42000,39604
1873,2013,ford,cutaway,8000,250831
1874,2016,ford,doors,29795,7275
1875,2019,ford,edge,24700,8806
1876,2016,ford,doors,13995,105115
1877,2015,ford,door,2900,57340
1878,2019,ford,max,35400,36167
1879,2016,ford,doors,24549,44941
1880,2014,ford,door,8900,53102
1881,2019,ford,escape,15800,26637
1882,2016,ford,doors,18500,45814
1883,2019,ford,f-150,32000,17310
1884,2019,ford,explorer,28300,24116
1885,2019,ford,d,10500,14128
1886,2016,ford,doors,24970,49882
1887,2019,ford,fusion,13800,38964
1888,2012,ford,door,2580,102705
1889,2019,ford,f-150,59975,71
1890,2012,ford,door,2500,98620
1891,2016,ford,doors,28990,15825
1892,2019,ford,max,50000,29499
1893,2014,ford,door,33800,100255
1894,2019,ford,f-150,59975,174
1895,2013,ford,door,2500,167552
1896,2016,ford,doors,46999,16956
1897,2019,ford,fusion,16700,36896
1898,2013,ford,door,34700,77281
1899,2019,ford,f-150,28900,24795
1900,2016,ford,doors,30800,16771
1901,2019,ford,f-150,27100,28692
1902,2012,ford,door,13388,113821
1903,2019,ford,f-150,26000,19793
1904,2016,ford,doors,17900,27940
1905,2019,ford,flex,23400,24987
1906,2016,ford,mustang,29800,18367
1907,2019,ford,flex,23700,14109
1908,2012,ford,door,1725,158781
1909,2016,ford,doors,33995,27369
1910,2019,ford,flex,23500,30208
1911,2019,ford,explorer,32500,24024
1912,2016,ford,door,2500,64999
1913,2019,ford,f-150,39000,8404
1914,2018,ford,focus,11000,8884
1915,2019,ford,explorer,32500,24126
1916,2012,ford,door,800,129659
1917,2019,ford,f-150,26900,31713
1918,2016,ford,edge,11200,109996
1919,2018,ford,doors,21000,6821
1920,2019,ford,f-150,32000,17867
1921,2016,ford,door,7300,110253
1922,2018,ford,escape,12800,39364
1923,2018,ford,doors,24190,4018
1924,2019,ford,f-150,29100,21054
1925,2017,ford,door,29000,48309
1926,2016,ford,door,17300,68666
1927,2018,ford,doors,19888,34071
1928,2019,ford,f-150,31000,13600
1929,2017,ford,door,37200,44956
1930,2016,ford,door,8600,72607
1931,2018,ford,doors,24857,33815
1932,2019,ford,flex,23500,31491
1933,2018,ford,f-150,26100,32149
1934,2016,ford,hybrid,10800,26654
1935,2018,ford,doors,20995,36637
1936,2019,ford,f-150,29300,17000
1937,2018,ford,f-150,33100,15960
1938,2016,ford,door,13800,40774
1939,2018,ford,doors,19498,40338
1940,2019,ford,fusion,14900,40505
1941,2016,ford,door,8700,30735
1942,2019,ford,mustang,20600,33965
1943,2018,ford,door,5000,7339
1944,2018,ford,doors,19995,42470
1945,2019,ford,fusion,14900,40670
1946,2016,ford,door,19500,41233
1947,2019,ford,wagon,24500,13162
1948,2018,ford,fusion,15000,38744
1949,2018,ford,doors,26985,14023
1950,2019,ford,f-150,31000,9741
1951,2017,ford,explorer,24300,31017
1952,2019,ford,fusion,16800,37786
1953,2018,ford,mustang,17200,32415
1954,2018,ford,doors,34995,10421
1955,2019,ford,wagon,24300,29305
1956,2017,ford,explorer,26400,51309
1957,2019,ford,fusion,16800,38001
1958,2018,ford,escape,15500,18849
1959,2018,ford,doors,19440,43269
1960,2019,ford,fusion,16700,36989
1961,2017,ford,door,29000,29320
1962,2019,ford,hybrid,16100,34244
1963,2018,ford,mustang,17200,32938
1964,2018,ford,doors,20950,40793
1965,2017,ford,door,46200,94741
1966,2019,ford,mustang,29400,25011
1967,2014,ford,door,2825,363810
1968,2018,ford,doors,32999,6881
1969,2014,ford,door,6600,80423
1970,2017,ford,door,50200,92405
1971,2019,ford,ranger,28300,15436
1972,2017,ford,door,12000,104665
1973,2018,ford,doors,32999,16194
1974,2014,ford,door,12600,48188
1975,2017,ford,focus,5200,65164
1976,2019,ford,mustang,20500,35930
1977,2012,ford,door,1200,167376
1978,2018,ford,doors,35999,13674
1979,2019,ford,srw,41000,9235
1980,2017,ford,door,33100,103002
1981,2019,ford,ranger,23500,12836
1982,2015,ford,doors,18799,137728
1983,2018,ford,doors,33999,6921
1984,2019,ford,srw,35000,14359
1985,2017,ford,wagon,26100,58118
1986,2019,ford,fusion,15400,31124
1987,2015,ford,doors,25998,25734
1988,2018,ford,doors,31831,14059
1989,2019,ford,srw,40400,13472
1990,2013,ford,door,15400,123983
1991,2019,ford,hybrid,13500,35023
1992,2015,ford,doors,25995,39509
1993,2018,ford,doors,27990,4512
1994,2015,ford,doors,23985,51884
1995,2018,ford,doors,27995,4181
1996,2015,ford,doors,13995,56703
1997,2018,ford,doors,29988,4712
1998,2015,ford,doors,12995,102800
1999,2018,ford,doors,21687,7109
2000,2016,ford,door,25200,100943
2001,2015,ford,doors,29590,3915
2002,2018,ford,doors,28999,15550
2003,2015,ford,doors,13942,62542
2004,2018,ford,taurus,15300,38370
2005,2020,ford,ranger,35400,671
2006,2016,ford,door,32700,61477
2007,2015,ford,doors,13995,73891
2008,2014,ford,door,1850,168805
2009,2012,ford,door,15800,82564
2010,2016,ford,door,36000,85649
2011,2015,ford,doors,15495,48374
2012,2012,ford,door,21500,11990
2013,2016,ford,door,7200,64111
2014,2015,ford,doors,17589,28771
2015,2015,ford,door,31700,126708
2016,2015,ford,doors,31790,27165
2017,2015,ford,van,18100,106546
2018,2015,ford,doors,14495,54778
2019,2020,ford,fusion,15000,11729
2020,2015,ford,door,26400,85197
2021,2015,ford,doors,27990,19130
2022,2015,ford,expedition,19700,72369
2023,2015,ford,doors,15300,59646
2024,2014,ford,door,22000,68418
2025,2015,ford,doors,23999,8400
2026,2015,ford,doors,16488,45084
2027,2015,ford,doors,12784,67037
2028,2015,ford,doors,23400,64135
2029,2017,ford,door,9705,72377
2030,2015,ford,doors,25999,39367
2031,2015,ford,doors,34977,46540
2032,2015,ford,doors,19000,40677
2033,2015,ford,doors,15995,69438
2034,2015,ford,doors,13487,96246
2035,2015,ford,doors,18707,69719
2036,2015,ford,doors,15290,75933
2037,2015,ford,doors,15600,54325
2038,2019,ford,expedition,47000,24902
2039,2015,ford,doors,16080,31793
2040,2019,ford,max,50000,16505
2041,2015,ford,doors,15268,74361
2042,2019,ford,max,47500,27868
2043,2015,ford,doors,18497,34011
2044,2019,ford,escape,10000,19993
2045,2015,ford,suv,19995,48115
2046,2019,ford,max,49000,22543
2047,2015,ford,doors,17150,67091
2048,2019,ford,expedition,45000,28790
2049,2015,ford,doors,14295,59391
2050,2019,ford,max,49000,18449
2051,2015,ford,doors,16190,71824
2052,2019,ford,expedition,49000,19304
2053,2015,ford,doors,17899,39159
2054,2019,ford,flex,26000,18708
2055,2015,ford,doors,14000,79430
2056,2019,ford,flex,15500,12393
2057,2015,ford,doors,16888,56329
2058,2019,ford,f-150,28000,12155
2059,2014,ford,door,8305,63291
2060,2015,ford,doors,21822,36041
2061,2019,ford,mustang,15500,25810
2062,2015,ford,door,12500,130388
2063,2015,ford,doors,15995,23878
2064,2019,ford,transit,16000,15460
2065,2018,ford,max,38200,46710
2066,2015,ford,doors,12995,65342
2067,2015,ford,doors,14488,64061
2068,2016,ford,door,17500,93164
2069,2015,ford,doors,21995,35629
2070,2015,ford,connect,8500,118483
2071,2015,ford,doors,16593,71573
2072,2017,ford,door,13000,33660
2073,2015,ford,doors,14247,61168
2074,2017,ford,door,23500,42241
2075,2015,ford,doors,16999,21004
2076,2017,ford,door,25000,45003
2077,2015,ford,doors,20159,45278
2078,2017,ford,door,31000,1
2079,2018,ford,edge,22500,24747
2080,2017,ford,door,29500,48707
2081,2020,ford,max,59900,2162
2082,2017,ford,f-150,24000,50874
2083,2017,ford,f-150,20500,70727
2084,2019,ford,explorer,27200,29382
2085,2018,ford,f-150,24900,33194
2086,2017,ford,door,24500,52084
2087,2018,ford,expedition,34000,51122
2088,2017,ford,door,28000,40286
2089,2017,ford,f-150,27000,55420
2090,2018,ford,wagon,34000,10282
2091,2017,ford,door,42500,85278
2092,2018,ford,explorer,33000,7258
2093,2018,ford,escape,10200,93350
2094,2019,ford,explorer,25600,37166
2095,2018,ford,f-150,16300,69480
2096,2016,ford,door,26500,34679
2097,2018,ford,f-150,36500,24151
2098,2019,ford,explorer,25900,32796
2099,2016,ford,door,22500,67979
2100,2018,ford,f-150,29000,18690
2101,2012,ford,door,825,78072
2102,2016,ford,door,10500,54251
2103,2018,ford,f-150,32000,32262
2104,2015,ford,f-650,27700,92358
2105,2015,ford,door,4000,90740
2106,2018,ford,f-150,38800,35225
2107,2015,ford,f-650,26200,129063
2108,2018,ford,wagon,19500,49985
2109,2015,ford,escape,11700,52340
2110,2018,ford,f-150,34000,21406
2111,2019,ford,srw,38600,16619
2112,2015,ford,door,21500,41293
2113,2018,ford,f-150,38500,37053
2114,2018,ford,f-150,38500,34532
2115,2017,ford,taurus,12000,13328
2116,2018,ford,f-150,30500,56836
2117,2016,ford,door,11300,48080
2118,2018,ford,f-150,29500,12271
2119,2014,ford,expedition,16100,97318
2120,2018,ford,f-150,32500,12717
2121,2019,ford,mustang,29000,12764
2122,2018,ford,f-150,30000,19951
2123,2019,ford,explorer,26000,32458
2124,2018,ford,f-150,26000,21616
2125,2019,ford,escape,18500,17755
2126,2017,ford,door,12000,73846
2127,2018,ford,f-150,30000,15771
2128,2019,ford,escape,14700,29168
2129,2017,ford,door,25000,159182
2130,2018,ford,f-150,26550,15296
2131,2019,ford,explorer,27000,30476
2132,2016,ford,door,34000,131754
2133,2018,ford,f-150,27500,26095
2134,2018,ford,f-150,25500,22107
2135,2019,ford,ecosport,13500,31207
2136,2015,ford,door,4000,112810
2137,2018,ford,f-150,25700,19058
2138,2015,ford,door,29000,109137
2139,2018,ford,f-150,30500,24058
2140,2018,ford,f-150,30000,6967
2141,2014,ford,door,9000,118340
2142,2018,ford,f-150,19000,36145
2143,2019,ford,explorer,25800,33942
2144,2018,ford,f-150,26500,38868
2145,2019,ford,explorer,29300,36190
2146,2018,ford,fiesta,6300,37177
2147,2019,ford,explorer,25400,39267
2148,2018,ford,f-150,26000,33350
2149,2017,ford,focus,7000,57889
2150,2018,ford,f-150,25900,34081
2151,2019,ford,fiesta,9700,26821
2152,2018,ford,f-150,27000,40577
2153,2019,ford,fiesta,9100,52355
2154,2018,ford,f-150,28000,30620
2155,2019,ford,flex,25700,22019
2156,2018,ford,f-150,27500,36742
2157,2019,ford,fiesta,9400,32473
2158,2018,ford,f-150,25500,43406
2159,2019,ford,flex,20500,34696
2160,2018,ford,f-150,21500,43519
2161,2019,ford,hybrid,12800,37716
2162,2018,ford,f-150,23900,41627
2163,2019,ford,fiesta,9400,29986
2164,2018,ford,f-150,26900,41496
2165,2019,ford,flex,25500,20613
2166,2018,ford,f-150,27000,33475
2167,2019,ford,fiesta,9300,32305
2168,2018,ford,fusion,14400,38148
2169,2019,ford,flex,19000,39976
2170,2018,ford,fusion,14000,50513
2171,2019,ford,fusion,13600,31408
2172,2018,ford,transit,19200,41351
2173,2019,ford,fusion,13600,32038
2174,2018,ford,transit,18600,38279
2175,2019,ford,fusion,13700,30471
2176,2018,ford,transit,18200,41569
2177,2019,ford,fusion,13800,31142
2178,2018,ford,wagon,22000,31598
2179,2019,ford,fusion,13700,31380
2180,2018,ford,wagon,28000,22179
2181,2019,ford,fusion,13800,29266
2182,2018,ford,transit,18600,42156
2183,2019,ford,fusion,13700,30875
2184,2019,ford,fusion,13700,30609
2185,2019,ford,fusion,13800,29508
2186,2019,ford,hybrid,17700,12837
2187,2019,ford,fusion,13900,29633
2188,2019,ford,fusion,13900,27461
2189,2018,ford,f-650,50500,74961
2190,2019,ford,fusion,13600,32154
2191,2018,ford,srw,55000,37245
2192,2019,ford,fusion,13800,29345
2193,2018,ford,srw,56000,25371
2194,2019,ford,fusion,13800,30054
2195,2018,ford,srw,45800,11173
2196,2019,ford,fusion,13800,30902
2197,2018,nissan,sentra,5500,31231
2198,2020,nissan,altima,14400,10728
2199,2018,nissan,sport,11450,35374
2200,2018,nissan,sport,11000,36715
2201,2018,nissan,sport,11450,33437
2202,2018,nissan,sport,11000,36788
2203,2018,nissan,sport,11200,35491
2204,2018,nissan,sport,11400,33644
2205,2018,nissan,sport,11450,35831
2206,2018,nissan,sport,11050,35050
2207,2018,nissan,sport,11400,34924
2208,2018,nissan,sport,11050,34962
2209,2018,nissan,sport,10850,39985
2210,2018,nissan,sport,10900,38816
2211,2018,nissan,sport,10450,41579
2212,2018,nissan,sport,10800,40455
2213,2018,nissan,sport,10850,39996
2214,2018,nissan,sport,10800,41077
2215,2018,nissan,sport,10850,39183
2216,2018,nissan,sport,10800,40478
2217,2018,nissan,sport,10900,38806
2218,2018,nissan,sport,10400,45331
2219,2018,nissan,sport,10500,43531
2220,2018,nissan,sport,10800,41033
2221,2018,nissan,sport,10800,40332
2222,2019,nissan,frontier,11200,22319
2223,2019,nissan,rogue,11100,22305
2224,2019,nissan,maxima,12200,36996
2225,2019,nissan,sentra,4000,1
2226,2019,nissan,versa,9000,27611
2227,2019,nissan,rogue,14900,26516
2228,2019,nissan,rogue,4600,31397
2229,2019,nissan,versa,6400,18300
2230,2019,nissan,note,10400,26743
2231,2019,nissan,versa,7800,15832
2232,2019,nissan,sport,12300,31939
2233,2019,nissan,sentra,10900,31037
2234,2019,nissan,versa,8500,22521
2235,2019,nissan,versa,7300,31335
2236,2019,nissan,versa,5900,28315
2237,2017,nissan,armada,20000,83437
2238,2018,nissan,altima,11200,42250
2239,2018,nissan,rogue,14400,45732
2240,2018,nissan,pathfinder,16500,49185
2241,2017,nissan,rogue,13400,45826
2242,2017,nissan,door,12500,36844
2243,2013,nissan,door,6500,104343
2244,2018,nissan,pathfinder,19800,34138
2245,2018,nissan,versa,8800,34761
2246,2018,nissan,rogue,12800,32656
2247,2018,nissan,versa,8800,34837
2248,2019,nissan,altima,3500,30099
2249,2018,nissan,sentra,750,37088
2250,2017,nissan,door,10800,41729
2251,2017,nissan,titan,22300,17195
2252,2018,nissan,sedan,8300,43064
2253,2018,nissan,sedan,8300,47510
2254,2018,nissan,sedan,8000,52571
2255,2018,nissan,frontier,15200,12129
2256,2017,nissan,sedan,6700,62280
2257,2017,nissan,door,7500,74859
2258,2017,nissan,door,10500,59508
2259,2017,nissan,juke,8400,58529
2260,2015,nissan,door,7000,24396
2261,2020,nissan,armada,25500,10317
2262,2017,nissan,door,4100,37619
2263,2020,nissan,altima,13900,15160
2264,2015,nissan,door,1900,91898
2265,2017,nissan,pathfinder,14700,31198
2266,2013,nissan,door,1900,144015
2267,2017,nissan,titan,18800,15621
2268,2018,nissan,versa,7800,54815
2269,2016,nissan,door,13500,53011
2270,2018,nissan,versa,8000,56255
2271,2013,nissan,door,3300,100225
2272,2017,nissan,sentra,7200,54117
2273,2017,nissan,door,8000,54119
2274,2012,nissan,door,1280,162176
2275,2018,nissan,rogue,14000,37655
2276,2015,nissan,door,3500,101178
2277,2012,nissan,door,600,206142
2278,2018,nissan,sport,12500,43187
2279,2013,nissan,door,5800,105590
2280,2018,nissan,versa,8000,53903
2281,2015,nissan,door,2200,73382
2282,2018,nissan,versa,8300,48977
2283,2016,nissan,door,7500,77504
2284,2018,nissan,versa,8000,50871
2285,2012,nissan,door,3500,107734
2286,2018,nissan,versa,8000,53098
2287,2012,nissan,door,2000,159990
2288,2018,nissan,versa,7800,51552
2289,2018,nissan,versa,8000,54692
2290,2019,nissan,frontier,18500,18611
2291,2018,nissan,versa,8000,51654
2292,2019,nissan,frontier,18300,24046
2293,2018,nissan,versa,7500,65184
2294,2019,nissan,armada,29800,37398
2295,2020,nissan,rogue,21100,19597
2296,2019,nissan,rogue,16200,34122
2297,2015,nissan,doors,6998,43651
2298,2020,nissan,rogue,14700,15387
2299,2020,nissan,cargo,19000,264
2300,2016,nissan,door,7500,58126
2301,2015,nissan,doors,7998,62921
2302,2015,nissan,doors,10999,43279
2303,2012,nissan,door,2900,117844
2304,2015,nissan,doors,8495,45043
2305,2016,nissan,murano,19925,42837
2306,2018,nissan,sentra,9500,42782
2307,2015,nissan,doors,12750,24629
2308,2015,nissan,door,22800,35902
2309,2015,nissan,doors,11621,12840
2310,2015,nissan,doors,11590,63933
2311,2012,nissan,door,4700,100079
2312,2015,nissan,doors,11390,37953
2313,2017,nissan,rogue,14500,8677
2314,2020,nissan,rogue,12000,11583
2315,2020,nissan,altima,15000,14320
2316,2016,nissan,door,7500,19723
2317,2018,nissan,armada,28000,29554
2318,2018,nissan,maxima,17500,39309
2319,2018,nissan,maxima,18000,34951
2320,2018,nissan,sport,13200,35870
2321,2018,nissan,altima,17000,44423
2322,2012,nissan,xterra,6700,92982
2323,2018,nissan,murano,23300,36844
2324,2018,nissan,titan,26800,33605
2325,2018,nissan,sport,18200,28009
2326,2018,nissan,rogue,18700,41366
2327,2016,nissan,door,12900,98354
2328,2018,nissan,rogue,16000,39598
2329,2020,nissan,rogue,19400,21009
2330,2018,nissan,sentra,10900,28880
2331,2018,nissan,sport,15800,28626
2332,2020,nissan,rogue,19800,14850
2333,2018,nissan,rogue,19000,41096
2334,2020,nissan,rogue,18000,12748
2335,2020,nissan,rogue,19800,14531
2336,2020,nissan,rogue,19700,15931
2337,2020,nissan,rogue,20100,10875
2338,2019,nissan,frontier,19700,31172
2339,2019,nissan,frontier,23400,16248
2340,2019,nissan,frontier,23300,18137
2341,2019,nissan,altima,17500,25664
2342,2019,nissan,altima,17100,31026
2343,2019,nissan,altima,15800,41287
2344,2019,nissan,altima,13600,43612
2345,2019,nissan,altima,14400,29545
2346,2019,nissan,frontier,19800,24303
2347,2019,nissan,altima,17200,29661
2348,2019,nissan,frontier,20300,18857
2349,2019,nissan,frontier,20500,14470
2350,2019,nissan,altima,16500,42364
2351,2019,nissan,altima,16000,37108
2352,2019,nissan,altima,14600,26432
2353,2019,nissan,rogue,16300,24174
2354,2019,nissan,sport,15400,30756
2355,2019,nissan,rogue,15800,32473
2356,2019,nissan,sport,15800,22947
2357,2018,nissan,murano,21400,17127
2358,2019,nissan,kicks,15300,20793
2359,2019,nissan,pathfinder,20100,32519
2360,2019,nissan,sentra,11300,26930
2361,2019,nissan,sentra,10700,40839
2362,2018,nissan,rogue,16000,44732
2363,2019,nissan,rogue,16600,19292
2364,2019,nissan,sport,15800,24155
2365,2019,nissan,sentra,11600,33369
2366,2017,nissan,rogue,15000,28918
2367,2019,nissan,rogue,17600,21623
2368,2017,nissan,xd,36300,16224
2369,2019,nissan,sport,15600,26406
2370,2017,nissan,rogue,14000,27790
2371,2019,nissan,rogue,16600,19182
2372,2017,nissan,sentra,12600,11837
2373,2019,nissan,pathfinder,20900,21774
2374,2017,nissan,door,12700,17738
2375,2019,nissan,sport,15600,27206
2376,2019,nissan,rogue,18900,20508
2377,2019,nissan,sport,15700,24987
2378,2019,nissan,pathfinder,21900,21273
2379,2019,nissan,pathfinder,21700,23863
2380,2016,nissan,rogue,14600,31566
2381,2019,nissan,sentra,12000,25261
2382,2019,nissan,pathfinder,21000,20628
2383,2017,nissan,door,12500,48765
2384,2019,nissan,rogue,15900,30645
2385,2017,nissan,door,11800,60158
2386,2019,nissan,versa,9900,39985
2387,2018,nissan,sentra,10600,39208
2388,2018,nissan,sentra,10100,45080
2389,2018,nissan,sport,13300,39247
2390,2018,nissan,sentra,10100,46382
2391,2018,nissan,sentra,10300,39893
2392,2018,nissan,sentra,10300,41203
2393,2018,nissan,sentra,10300,40648
2394,2018,nissan,murano,24000,31551
2395,2018,nissan,sentra,10400,38761
2396,2018,nissan,sentra,10200,42838
2397,2018,nissan,versa,9500,41557
2398,2018,nissan,sentra,10500,41136
2399,2018,nissan,sentra,10500,41141
2400,2016,nissan,door,3500,115716
2401,2018,nissan,versa,9300,52260
2402,2016,nissan,rogue,14100,22041
2403,2012,nissan,door,2425,161836
2404,2012,nissan,door,925,83720
2405,2016,nissan,rogue,11000,37605
2406,2016,nissan,rogue,11000,63738
2407,2013,nissan,door,2100,155704
2408,2012,nissan,door,800,234792
2409,2018,nissan,pathfinder,20400,24143
2410,2017,nissan,door,375,1
2411,2015,nissan,door,3000,132655
2412,2017,nissan,rogue,15100,28079
2413,2015,nissan,door,4000,74906
2414,2017,nissan,door,19500,53155
2415,2017,nissan,titan,22600,94258
2416,2014,nissan,door,6500,65620
2417,2012,nissan,door,11800,92878
2418,2017,nissan,pathfinder,20500,25918
2419,2018,nissan,rogue,14200,37830
2420,2018,nissan,frontier,22000,13875
2421,2018,nissan,frontier,16200,6024
2422,2016,nissan,door,4800,76789
2423,2018,nissan,sport,16000,30409
2424,2018,nissan,sport,14300,44864
2425,2019,nissan,pathfinder,16800,42397
2426,2018,nissan,sentra,11900,16778
2427,2015,nissan,door,3000,99767
2428,2019,nissan,rogue,15000,34692
2429,2019,nissan,rogue,15200,30721
2430,2017,nissan,door,18000,53376
2431,2016,nissan,nvp,22700,21282
2432,2015,nissan,door,3800,81699
2433,2018,nissan,door,5475,33048
2434,2018,nissan,sentra,11400,10372
2435,2018,nissan,pathfinder,28100,8889
2436,2017,nissan,sentra,3500,127780
2437,2016,nissan,murano,15200,59640
2438,2015,nissan,door,1950,83975
2439,2016,nissan,rogue,13400,46178
2440,2018,nissan,altima,12500,34460
2441,2018,nissan,pathfinder,16500,30594
2442,2018,nissan,pathfinder,16500,39817
2443,2018,nissan,pathfinder,16500,40419
2444,2018,nissan,rogue,13900,35493
2445,2018,nissan,rogue,13900,37073
2446,2013,nissan,door,1500,98384
2447,2018,nissan,pathfinder,16500,34640
2448,2018,nissan,rogue,13900,38760
2449,2018,nissan,pathfinder,16500,34841
2450,2018,nissan,rogue,13900,35065
2451,2018,nissan,altima,12400,37741
2452,2018,nissan,altima,13000,27488
2453,2018,nissan,pathfinder,16500,37452
2454,2018,nissan,rogue,13900,39797
2455,2018,nissan,pathfinder,16500,36714
2456,2018,nissan,rogue,13900,36207
2457,2018,nissan,rogue,13900,38563
2458,2018,nissan,rogue,13900,39885
2459,2018,nissan,altima,12100,41852
2460,2018,nissan,pathfinder,16500,39454
2461,2018,nissan,pathfinder,16500,40203
2462,2018,nissan,rogue,13900,34547
2463,2015,nissan,door,3700,75858
2464,2019,nissan,pathfinder,18800,31123
2465,2018,nissan,versa,9200,33808
2466,2019,nissan,titan,30100,30599
2467,2018,nissan,versa,9200,33931
2468,2019,nissan,sentra,11100,40359
2469,2018,nissan,rogue,13900,44313
2470,2018,nissan,versa,9100,33078
2471,2019,nissan,frontier,22800,24320
2472,2018,nissan,rogue,13900,42502
2473,2019,nissan,altima,12600,33497
2474,2018,nissan,versa,9200,39577
2475,2019,nissan,altima,12100,36974
2476,2018,nissan,versa,9200,41220
2477,2019,nissan,frontier,2300,1
2478,2018,nissan,rogue,13900,41539
2479,2019,nissan,sentra,9500,19646
2480,2018,nissan,rogue,13900,39924
2481,2019,nissan,note,1700,33279
2482,2018,nissan,rogue,13900,40259
2483,2019,nissan,sentra,10400,25264
2484,2018,nissan,versa,9200,35677
2485,2019,nissan,versa,7400,35511
2486,2018,nissan,versa,9200,33027
2487,2019,nissan,versa,7800,23609
2488,2018,nissan,versa,9200,34553
2489,2018,nissan,versa,9200,31594
2490,2018,nissan,versa,9200,32557
2491,2018,nissan,versa,9200,31371
